Item ID,AegisName,English Name,Category,EquipLevelMin,Slots,Exclusion Reason
1845,Probation_Knuckle,Trial Sura's Knuckle,Weapons,100,1,Trade.NoStorage=true
1848,Rebeginer_SR_Nuckle,Beginner Sura's Knuckle,Weapons,100,1,Trade.NoStorage=true
2033,Toughen_Metal_Staff,Enhanced Metal Staff,Weapons,100,1,Trade.NoStorage=true
2040,Probation_Staff,Trial Warlock's Staff,Weapons,100,1,Trade.NoStorage=true
2046,Rebeginer_WL_Staff,Beginner Warlock's Staff,Weapons,100,1,Trade.NoStorage=true
2687,Steel_Flower_C,Steel Flower,Headgear,100,0,Trade.NoStorage=true
2841,Caracas_Ring,Caracas Ring,Accessories,100,0,Trade.NoStorage=true
13132,Toughen_Metal_Revolver,Enhanced Metal Revolver,Weapons,100,1,Trade.NoStorage=true
13136,Probation_Revolver,Trial Rebel's Revolver,Weapons,100,1,Trade.NoStorage=true
13144,Rebeginer_RL_Gun,Beginner Rebel's Revolver,Weapons,100,1,Trade.NoStorage=true
13330,Toughen_Metal_Shuriken,Enhanced Metal Huuma Shuriken,Weapons,100,1,Trade.NoStorage=true
13336,Probation_Huuma,Trial Ninja's Huuma Shuriken,Weapons,100,1,Trade.NoStorage=true
13341,Rebeginer_KO_Humma,Beginner Kagerou&Oboro's Huuma Shuriken,Weapons,100,1,Trade.NoStorage=true
13483,Rebeginer_GN_Sword,Beginner Genetic's Sword,Weapons,100,1,Trade.NoStorage=true
15250,Rebeginer_Suits,Beginner's Suit,Armor,100,1,Trade.NoStorage=true
15461,Apollo_Armor_TH,2nd Anniversary Apollo Armor,Armor,150,1,Trade.NoStorage=true
15462,Jupiter_Armor_TH,2nd Anniversary Jupiter Armor,Armor,150,1,Trade.NoStorage=true
15463,Mars_Armor_TH,2nd Anniversary Mars Armor,Armor,150,1,Trade.NoStorage=true
15464,Ceres_Armor_TH,2nd Anniversary Keres Armor,Armor,150,1,Trade.NoStorage=true
15465,Vinus_Armor_TH,2nd Anniversary Venus Armor,Armor,150,1,Trade.NoStorage=true
15466,Vulcan_Armor_TH,2nd Anniversary Vulcan Armor,Armor,150,1,Trade.NoStorage=true
15467,Neptune_Armor_TH,2nd Anniversary Neptune Armor,Armor,150,1,Trade.NoStorage=true
15468,Neptune_ArmorDoram_TH,2nd Anniversary Neptune Armor (Doram),Armor,150,1,Trade.NoStorage=true
15969,Twin_Canon_TH,Twin Cannon,Headgear,100,0,Trade.NoStorage=true
16054,Toughen_Metal_Mace,Enhanced Metal Mace,Weapons,100,1,Trade.NoStorage=true
16064,Probation_Mace,Trial Genetic's Mace,Weapons,100,1,Trade.NoStorage=true
16075,Rebeginer_NC_Mace,Beginner Mechanic's Mace,Weapons,100,1,Trade.NoStorage=true
16076,Rebeginer_N2_Mace,Beginner Super Novice's Mace,Weapons,100,1,Trade.NoStorage=true
18141,Toughen_Metal_Bow,Enhanced Metal Bow,Weapons,100,1,Trade.NoStorage=true
18150,Probation_CrossBow,Trail Ranger' Crossbow,Weapons,100,1,Trade.NoStorage=true
18151,Probation_Bow,Trail Wanderers & Minstrel's Bow,Weapons,100,1,Trade.NoStorage=true
18165,Rebeginer_RN_Bow,Beginner Ranger's Bow,Weapons,100,1,Trade.NoStorage=true
18166,Rebeginer_WM_Bow,Beginner Wanderer & Minstrels' Bow,Weapons,100,1,Trade.NoStorage=true
19310,Rebeginer_Cap,Beginner's Cap,Headgear,100,0,Trade.NoStorage=true
19853,C_Filir_Wing_Ears,Costume Filir Wings,Costumes,1,0,Trade.NoStorage=true
20135,C12th_Crown,Costume 12 Anniversary Crown of Saint,Costumes,1,0,Trade.NoStorage=true
20136,C12th_ElvenEars,Costume 12 Anniversary Elf Ears,Costumes,1,0,Trade.NoStorage=true
20336,C_Sugared_Fruit_S,Classic Underneath Cyclone 2 Week Rental Box,Costumes,0,0,Rental item
20476,C_Costume01_L,Rental Costume Tipsy,Costumes,0,0,Rental item
20477,C_Costume02_L,Rental Costume Wrapping Ribbon,Costumes,0,0,Rental item
20478,C_Costume03_L,Rental Costume Royal Rabbit Crown,Costumes,0,0,Rental item
20479,C_Costume04_L,Rental Costume Fairy Feathers,Costumes,0,0,Rental item
20480,C_Costume05_L,Rental Costume Dog Officer,Costumes,0,0,Rental item
20505,C_Cupid_Wing_Skyblue,Costume Cupid Wing Skyblue,Costumes,0,0,Trade.NoStorage=true
20520,C_Costume07_L,Rental Costume Full Bloom Cherry Tree,Costumes,0,0,Rental item
20575,C_School_Bag_BL,Costume Backpack (Black),Costumes,0,0,Trade.NoStorage=true
20595,C_School_Bag_RD_E,Costume Novice Red Backpack,Costumes,0,0,Trade.NoStorage=true
20615,C_School_Bag_BU,Costume Beginner Blue Backpack,Costumes,0,0,Trade.NoStorage=true
20616,C_School_Bag_PU,Costume Beginner Purple Backpack,Costumes,0,0,Trade.NoStorage=true
20622,C_2023RTC_S_Robe1,Costume Winner of ROS 2023,Costumes,0,0,Trade.NoStorage=true
20623,C_2023RTC_S_Robe2,Costume Runner Up of ROS 2023,Costumes,0,0,Trade.NoStorage=true
20624,C_2023RTC_S_Robe3,Costume Second Runner-Up of ROS 2023,Costumes,0,0,Trade.NoStorage=true
20906,Rebeginer_Manteau,Beginner's Cloak,Garments,100,0,Trade.NoStorage=true
21023,Toughen_Metal_TH_Sword,Enhanced Metal Two-Handed Sword,Weapons,100,1,Trade.NoStorage=true
21030,Probation_TH_Sword,Trial Rune Knight's Two-Handed Sword,Weapons,100,1,Trade.NoStorage=true
21037,Rebeginer_RK_T_Sword,Beginner Rune Knight's Two-Handed Sword,Weapons,100,1,Trade.NoStorage=true
22173,Rebeginer_Boots,Beginner's Boots,Shoes,100,1,Trade.NoStorage=true
24387,Rebeginer_Armor_S,Beginner's Shadow Armor,Shadow Gear,100,0,Trade.NoStorage=true
24388,Rebeginer_Shield_S,Beginner's Shadow Shield,Shadow Gear,100,0,Trade.NoStorage=true
24389,Rebeginer_Shoes_S,Beginner's Shadow Shoes,Shadow Gear,100,0,Trade.NoStorage=true
24390,Rebeginer_Weapon_S,Beginner's Shadow Weapon,Shadow Gear,100,0,Trade.NoStorage=true
24391,Rebeginer_Earring_S,Beginner's Shadow Earring,Shadow Gear,100,0,Trade.NoStorage=true
24392,Rebeginer_Pendant_S,Beginner's Shadow Pendant,Shadow Gear,100,0,Trade.NoStorage=true
24416,S_Timeoverload_Weapon,Temporal Transcendent Shadow Weapon,Shadow Gear,1,0,Trade.NoStorage=true
24417,S_Timeoverload_Armor,Temporal Transcendent Shadow Armor,Shadow Gear,1,0,Trade.NoStorage=true
24418,S_Timeoverload_Shield,Temporal Transcendent Shadow Shield,Shadow Gear,1,0,Trade.NoStorage=true
24419,S_Timeoverload_Shoes,Temporal Transcendent Shadow Shoes,Shadow Gear,1,0,Trade.NoStorage=true
24420,S_Timeoverload_Earing,Temporal Transcendent Shadow Earring,Shadow Gear,1,0,Trade.NoStorage=true
24421,S_Timeoverload_Pandent,Temporal Transcendent Shadow Pendant,Shadow Gear,1,0,Trade.NoStorage=true
24584,S_Booster_Armor,Booster Shadow Armor,Shadow Gear,100,0,Trade.NoStorage=true
24585,S_Booster_Shield,Booster Shadow Shield,Shadow Gear,100,0,Trade.NoStorage=true
24586,S_Booster_Shoes,Booster Shadow Shoes,Shadow Gear,100,0,Trade.NoStorage=true
24587,S_Booster_Earing,Booster Shadow Earring,Shadow Gear,100,0,Trade.NoStorage=true
24588,S_Booster_Pandent,Booster Shadow Pendant,Shadow Gear,100,0,Trade.NoStorage=true
24589,S_RK_B_Weapon,Rune Knight's Booster Shadow Weapon,Shadow Gear,100,0,Trade.NoStorage=true
24590,S_LG_B_Weapon,Royal Guard's Booster Shadow Weapon,Shadow Gear,100,0,Trade.NoStorage=true
24591,S_NC_B_Weapon,Mechanic's Booster Shadow Weapon,Shadow Gear,100,0,Trade.NoStorage=true
24592,S_GN_B_Weapon,Genetic's Booster Shadow Weapon,Shadow Gear,100,0,Trade.NoStorage=true
24593,S_GC_B_Weapon,Guillotine Cross' Booster Shadow Weapon,Shadow Gear,100,0,Trade.NoStorage=true
24594,S_SC_B_Weapon,Shadow Chaser's Booster Shadow Weapon,Shadow Gear,100,0,Trade.NoStorage=true
24595,S_WL_B_Weapon,Warlock's Booster Shadow Weapon,Shadow Gear,100,0,Trade.NoStorage=true
24596,S_SO_B_Weapon,Sorcerer's Booster Shadow Weapon,Shadow Gear,100,0,Trade.NoStorage=true
24597,S_AB_B_Weapon,Archbishop's Booster Shadow Weapon,Shadow Gear,100,0,Trade.NoStorage=true
24598,S_SR_B_Weapon,Sura's Booster Shadow Weapon,Shadow Gear,100,0,Trade.NoStorage=true
24599,S_RA_B_Weapon,Ranger's Booster Shadow Weapon,Shadow Gear,100,0,Trade.NoStorage=true
24600,S_WM_B_Weapon,Minstrel&Wanderer's Booster Shadow Weapon,Shadow Gear,100,0,Trade.NoStorage=true
24684,S_SNV_Weapon,Super Novice Booster Shadow Weapon,Shadow Gear,100,0,Trade.NoStorage=true
24687,S_1Para_Weapon,Paradise Shadow Weapon,Shadow Gear,0,0,Trade.NoStorage=true
24688,S_1Para_Shield,Paradise Shadow Shield,Shadow Gear,0,0,Trade.NoStorage=true
24689,S_1Para_Armor,Paradise Shadow Armor,Shadow Gear,0,0,Trade.NoStorage=true
24690,S_1Para_Shoes,Paradise Shadow Shoes,Shadow Gear,0,0,Trade.NoStorage=true
24691,S_1Para_Earing,Paradise Shadow Earring,Shadow Gear,0,0,Trade.NoStorage=true
24692,S_1Para_Pendant,Paradise Shadow Pendant,Shadow Gear,0,0,Trade.NoStorage=true
24693,S_2Para_Shield,Advanced Paradise Shadow Shield,Shadow Gear,100,0,Trade.NoStorage=true
24694,S_2Para_Armor,Advanced Paradise Shadow Armor,Shadow Gear,100,0,Trade.NoStorage=true
24695,S_2Para_Shoes,Advanced Paradise Shadow Shoes,Shadow Gear,100,0,Trade.NoStorage=true
24696,S_2Para_Earing,Advanced Paradise Shadow Earring,Shadow Gear,100,0,Trade.NoStorage=true
24697,S_2Para_Pendant,Advanced Paradise Shadow Pendant,Shadow Gear,100,0,Trade.NoStorage=true
24698,S_2Para_RK_Weapon,Rune Knight Advanced Paradise Shadow Weapon,Shadow Gear,100,0,Trade.NoStorage=true
24699,S_2Para_LG_Weapon,Royal Guard Advanced Paradise Shadow Weapon,Shadow Gear,100,0,Trade.NoStorage=true
24700,S_2Para_NC_Weapon,Mechanic Advanced Paradise Shadow Weapon,Shadow Gear,100,0,Trade.NoStorage=true
24701,S_2Para_GN_Weapon,Genetic Advanced Paradise Shadow Weapon,Shadow Gear,100,0,Trade.NoStorage=true
24702,S_2Para_GC_Weapon,Guillotine Cross Advanced Paradise Shadow Weapon,Shadow Gear,100,0,Trade.NoStorage=true
24703,S_2Para_SC_Weapon,Shadow Chaser Advanced Paradise Shadow Weapon,Shadow Gear,100,0,Trade.NoStorage=true
24704,S_2Para_WL_Weapon,Warlock Advanced Paradise Shadow Weapon,Shadow Gear,100,0,Trade.NoStorage=true
24705,S_2Para_SO_Weapon,Sorcerer Advanced Paradise Shadow Weapon,Shadow Gear,100,0,Trade.NoStorage=true
24706,S_2Para_AB_Weapon,Arch Bishop Advanced Paradise Shadow Weapon,Shadow Gear,100,0,Trade.NoStorage=true
24707,S_2Para_SR_Weapon,Sura Advanced Paradise Shadow Weapon,Shadow Gear,100,0,Trade.NoStorage=true
24708,S_2Para_RA_Weapon,Ranger Advanced Paradise Shadow Weapon,Shadow Gear,100,0,Trade.NoStorage=true
24709,S_2Para_WM_Weapon,Minstrel & Wanderer Adva,Shadow Gear,100,0,Trade.NoStorage=true
24710,S_2Para_KO_Weapon,Kagerou & Oboro Advanced Paradise Shadow Weapon,Shadow Gear,100,0,Trade.NoStorage=true
24711,S_2Para_RL_Weapon,Rebellion Advanced Paradise Shadow Weapon,Shadow Gear,100,0,Trade.NoStorage=true
24712,S_2Para_SJ_Weapon,Star Emperor Advanced Paradise Shadow Weapon,Shadow Gear,100,0,Trade.NoStorage=true
24713,S_2Para_SP_Weapon,Soul Reaper Advanced Paradise Shadow Weapon,Shadow Gear,100,0,Trade.NoStorage=true
24714,S_2Para_SU_Weapon,Doram Advanced Paradise Shadow Weapon,Shadow Gear,100,0,Trade.NoStorage=true
24715,S_2Para_NV_Weapon,Super Novice Advanced Paradise Shadow Weapon,Shadow Gear,100,0,Trade.NoStorage=true
24739,S_SU_Weapon,Summoner Booster Shadow Weapon,Shadow Gear,100,0,Trade.NoStorage=true
24740,S_SJ_Weapon,Star Emperor Booster Shadow Weapon,Shadow Gear,100,0,Trade.NoStorage=true
24741,S_KO_Weapon,Kagerou & Oboro Booster Shadow Weapon,Shadow Gear,100,0,Trade.NoStorage=true
24742,S_RL_Weapon,Rebellion Booster Shadow Weapon,Shadow Gear,100,0,Trade.NoStorage=true
24743,S_SP_Weapon,Soul Reaper Booster Shadow Weapon,Shadow Gear,100,0,Trade.NoStorage=true
24744,S_NV_Weapon,Super Novice Booster Shadow Weapon,Shadow Gear,100,0,Trade.NoStorage=true
26001,Toughen_Metal_Lance,Enhanced Metal Lance,Weapons,100,1,Trade.NoStorage=true
26015,Rebeginer_LG_Lance,Beginner Royal Guard's Lance,Weapons,100,1,Trade.NoStorage=true
26112,Probation_Foxtail,Trial Summoner's Foxtail,Weapons,100,1,Trade.NoStorage=true
26119,Rebeginer_SO_Rod,Beginner Sorcerer's Staff,Weapons,100,1,Trade.NoStorage=true
26120,Rebeginer_DO_Rod,Beginner Summoner's Foxtail,Weapons,100,1,Trade.NoStorage=true
28015,Toughen_Metal_Katar,Enhanced Metal Katar,Weapons,100,1,Trade.NoStorage=true
28024,Probation_Katar,Trial Guillotine Cross's Katar,Weapons,100,1,Trade.NoStorage=true
28027,Rebeginer_GC_Katar,Beginner Guillotine Cross's Katar,Weapons,100,1,Trade.NoStorage=true
28113,Toughen_Metal_THand_Axe,Enhanced Metal Two-Handed Axe,Weapons,100,1,Trade.NoStorage=true
28120,Probation_TH_Axe,Trial Mechanic's Two-Handed Axe,Weapons,100,1,Trade.NoStorage=true
28215,Probation_Rifle,Trial Rebel's Rifle,Weapons,100,1,Trade.NoStorage=true
28216,Probation_Gatling_Gun,Trial Rebel's Gatling Gun,Weapons,100,1,Trade.NoStorage=true
28217,Probation_Launcher,Trial Rebel's Grenade Launcher,Weapons,100,1,Trade.NoStorage=true
28218,Probation_Shotgun,Trial Rebel's Shotgun,Weapons,100,1,Trade.NoStorage=true
28566,Rebeginer_Ring,Beginner's Ring,Accessories,100,0,Trade.NoStorage=true
28607,Toughen_Metal_Book,Enhanced Metal Book,Weapons,100,1,Trade.NoStorage=true
28613,Probation_Magicbook,Trial Sorcerer's Magic Book,Weapons,100,1,Trade.NoStorage=true
28614,Probation_Bible,Trial Archbishop's Bible,Weapons,100,1,Trade.NoStorage=true
28616,Rebeginer_AB_Bible,Beginner Archbishop's Bible,Weapons,100,1,Trade.NoStorage=true
28714,Toughen_Metal_Dagger,Enhanced Metal Dagger,Weapons,100,1,Trade.NoStorage=true
28726,Probation_Dagger,Trial Shadow Chaser's Dagger,Weapons,100,1,Trade.NoStorage=true
28740,Rebeginer_SC_Dagger,Beginner Shadow Chaser's Dagger,Weapons,100,1,Trade.NoStorage=true
28953,Poring_B_Shield,Poring Battle Shield,Shields,150,1,Trade.NoStorage=true
31105,C_RoCelebrationHat,Costume RO Celebration Hat,Costumes,1,0,Trade.NoStorage=true
31262,C_Disposable_3D_Glass,Costume Disposable 3D Glasses,Costumes,1,0,Trade.NoStorage=true
31263,C_Disposable_Popcorn,Costume Disposable Popcorn Hat,Costumes,1,0,Trade.NoStorage=true
31319,C_Fan_Of_Summer_R,[Rental] Costume Midsummer Fan,Costumes,1,0,Trade.NoStorage=true
31320,C_Pinwheel_Cap_R,[Rental] Costume Pinwheel,Costumes,1,0,Trade.NoStorage=true
31469,C_Costume08_L,[Rental] Chocolate Mushroom Wig,Costumes,1,0,Trade.NoStorage=true
31477,C_Costume06_L,[Rental] Costume Witch Cape,Costumes,1,0,Trade.NoStorage=true
31537,C_Return_TW_2th_Hat,Costume: 2nd Anniversary Hat,Costumes,1,0,Trade.NoStorage=true
31701,C_ScarfOfHero_R,Costume Warrior Scarf (Rental),Costumes,1,0,Rental item
31977,C_Rent_Dog_Officer_TH,[Rental] Costume Dog Officer,Costumes,0,0,Rental item
32004,Probation_Lance,Trial Royal Guard's Lance,Weapons,100,1,Trade.NoStorage=true
400064,JP_Helm22_L,Rental Owl Viscount Silk Hat,Headgear,100,0,Rental item
400070,JP_Helm28_L,Rental Crown of the Phoenix,Headgear,100,1,Rental item
400079,BioWeapon_Helm_LG,Trial Diadem,Headgear,170,1,Trial item
400139,2Para_Cap_A,Advanced Paradise Luxury Cap,Headgear,100,0,Trade.NoStorage=true
400140,2Para_Cap_B,Advanced Paradise Hat,Headgear,100,0,Trade.NoStorage=true
400484,aegis_400484,Costume Bomb Hat,Costumes,0,0,Trade.NoStorage=true
400485,aegis_400485,Costume Twinkling Star,Costumes,0,0,Trade.NoStorage=true
410008,JP_Helm32_L,[Rental] Phalanx,Headgear,100,0,Trade.NoStorage=true
410018,Booster_Mask_A,Booster Mask A-type,Headgear,130,1,Trade.NoStorage=true
410019,Booster_Mask_B,Booster Mask B-type,Headgear,130,1,Trade.NoStorage=true
410020,Booster_Mask_C,Booster Mask C-type,Headgear,130,1,Trade.NoStorage=true
410301,C_Comp_Dragon_Hat,[NFS] Costume Little Abyss Dragon,Costumes,0,0,Trade.NoStorage=true
420153,Booster_Scarf_A,Booster Scarf A-type,Headgear,130,0,Trade.NoStorage=true
420154,Booster_Scarf_B,Booster Scarf B-type,Headgear,130,0,Trade.NoStorage=true
420155,Booster_Scarf_C,Booster Scarf C-type,Headgear,130,0,Trade.NoStorage=true
420231,MD_Hol_Protection,Constellation's Protection,Headgear,250,0,Trade.NoStorage=true
420308,Comp_Mob_Scarf,[NFS] Mob Scarf,Headgear,100,0,Trade.NoStorage=true
440003,C_Pretty_Rabbit_Hood_E,Costume Novice Rabbit Hood,Costumes,0,0,Trade.NoStorage=true
440006,C_Black_Cat_Hood_kr,Costume Black Cat Hood,Costumes,0,0,Trade.NoStorage=true
440007,C_Squirrel_Ear_Hat_Kr,Costume Beginner Squirrel Ear Hat,Costumes,0,0,Trade.NoStorage=true
440009,C_Black_Moon_Cat_kr,Costume Beginner Black Moon Cat,Costumes,0,0,Trade.NoStorage=true
450001,Atker_Plate,Attacker Booster Plate,Armor,100,1,Trade.NoStorage=true
450002,Ele_Robe,Elemental Booster Robe,Armor,100,1,Trade.NoStorage=true
450003,Defn_Robe,Defender Booster Robe,Armor,100,1,Trade.NoStorage=true
450004,Ran_Suits,Ranger Booster Suits,Armor,100,1,Trade.NoStorage=true
450018,Noblesse_Breath_Armor,Noblesse Breath Armor,Armor,100,1,Trade.NoStorage=true
450019,Noblesse_Knight_Armor,Noblesse Knight Armor,Armor,100,1,Trade.NoStorage=true
450020,Noblesse_Spear_Armor,Noblesse Spear Armor,Armor,100,1,Trade.NoStorage=true
450021,Noblesse_Genesis_Armor,Noblesse Genesis Armor,Armor,100,1,Trade.NoStorage=true
450022,Noblesse_Sharp_Suit,Noblesse Sharp Suit,Armor,100,1,Trade.NoStorage=true
450023,Noblesse_Aim_Suit,Noblesse Aimed suit,Armor,100,1,Trade.NoStorage=true
450024,Noblesse_Severe_Suit,Noblesse Severe Suit,Armor,100,1,Trade.NoStorage=true
450025,Noblesse_Reverb_Suit,Noblesse Reverb Suit,Armor,100,1,Trade.NoStorage=true
450026,Noblesse_Adora_Robe,Noblesse Adora Robe,Armor,100,1,Trade.NoStorage=true
450027,Noblesse_Duple_Robe,Noblesse Duple Robe,Armor,100,1,Trade.NoStorage=true
450028,Noblesse_Tonado_Armor,Noblesse Tornado Armor,Armor,100,1,Trade.NoStorage=true
450029,Noblesse_Vulcan_Armor,Noblesse Vulcan Armor,Armor,100,1,Trade.NoStorage=true
450030,Noblesse_Kart_Suit,Noblesse Cart Cannon Suit,Armor,100,1,Trade.NoStorage=true
450031,Noblesse_Kart_Suit2,Noblesse Cart Tornado Suit,Armor,100,1,Trade.NoStorage=true
450032,Noblesse_Rolling_Suit,Noblesse Rolling Suit,Armor,100,1,Trade.NoStorage=true
450033,Noblesse_Assasin_Suit,Noblesse Assassin Suit,Armor,100,1,Trade.NoStorage=true
450034,Noblesse_Fatal_Suit,Noblesse Fatal Suit,Armor,100,1,Trade.NoStorage=true
450035,Noblesse_Stalker_Suit,Noblesse Stalker Suit,Armor,100,1,Trade.NoStorage=true
450036,Noblesse_Picky_Robe,Noblesse Picky Robe,Armor,100,1,Trade.NoStorage=true
450037,Noblesse_Carrot_Robe,Noblesse Catnip Robe,Armor,100,1,Trade.NoStorage=true
450038,Noblesse_Trip_Suit,Noblesse Trip Suit,Armor,100,1,Trade.NoStorage=true
450039,Noblesse_Firerain_Suit,Noblesse Fire Rain Suit,Armor,100,1,Trade.NoStorage=true
450040,Noblesse_Crimson_Robe,Noblesse Crimson Robe,Armor,100,1,Trade.NoStorage=true
450041,Noblesse_Frost_Robe,Noblesse Frost Robe,Armor,100,1,Trade.NoStorage=true
450042,Noblesse_Psychic_Robe,Noblesse Psychic Robe,Armor,100,1,Trade.NoStorage=true
450043,Noblesse_Dust_Robe,Noblesse Dust Robe,Armor,100,1,Trade.NoStorage=true
450044,Noblesse_Sun_Suit,Noblesse Sun Suit,Armor,100,1,Trade.NoStorage=true
450045,Noblesse_Moon_Suit,Noblesse Moon Suit,Armor,100,1,Trade.NoStorage=true
450046,Noblesse_Ninja_Suit,Noblesse Ninja Suit,Armor,100,1,Trade.NoStorage=true
450047,Noblesse_Kunai_Suit,Noblesse Kunai Suit,Armor,100,1,Trade.NoStorage=true
450048,Noblesse_Swhoo_Robe,Noblesse Eswhoo Robe,Armor,100,1,Trade.NoStorage=true
450049,Noblesse_Explosion_Robe,Noblesse Explosion Robe,Armor,100,1,Trade.NoStorage=true
450050,Noblesse_Knuckle_Suit,Noblesse Knuckle Suit,Armor,100,1,Trade.NoStorage=true
450051,Noblesse_Tiger_Suit,Noblesse Tiger Suit,Armor,100,1,Trade.NoStorage=true
450052,Imperial_Breath_Armor,Imperial Breath Armor,Armor,125,1,Trade.NoStorage=true
450053,Imperial_Knight_Armor,Imperial Knight Armor,Armor,125,1,Trade.NoStorage=true
450054,Imperial_Spear_Armor,Imperial Spear Armor,Armor,125,1,Trade.NoStorage=true
450055,Imperial_Genesis_Armor,Imperial Genesis Armor,Armor,125,1,Trade.NoStorage=true
450056,Imperial_Sharp_Suit,Imperial Sharp Suit,Armor,125,1,Trade.NoStorage=true
450057,Imperial_Aim_Suit,Imperial Aimed Suit,Armor,125,1,Trade.NoStorage=true
450058,Imperial_Severe_Suit,Imperial Severe Suit,Armor,125,1,Trade.NoStorage=true
450059,Imperial_Reverb_Suit,Imperial Reverb Suit,Armor,125,1,Trade.NoStorage=true
450060,Imperial_Adora_Robe,Imperial Adora Robe,Armor,125,1,Trade.NoStorage=true
450061,Imperial_Duple_Robe,Imperial Duple Robe,Armor,125,1,Trade.NoStorage=true
450062,Imperial_Knuckle_Suit,Imperial Knuckle Suit,Armor,125,1,Trade.NoStorage=true
450063,Imperial_Tiger_Suit,Imperial Tiger Suit,Armor,125,1,Trade.NoStorage=true
450064,Imperial_Tonado_Armor,Imperial Tornado Armor,Armor,125,1,Trade.NoStorage=true
450065,Imperial_Vulcan_Armor,Imperial Vulcan Armor,Armor,125,1,Trade.NoStorage=true
450066,Imperial_Kart_Suit,Imperial Cart Cannon Suit,Armor,125,1,Trade.NoStorage=true
450067,Imperial_Kart_Suit2,Imperial Cart Tornado Suit,Armor,125,1,Trade.NoStorage=true
450068,Imperial_Rolling_Suit,Imperial Rolling Suit,Armor,125,1,Trade.NoStorage=true
450069,Imperial_Assasin_Suit,Imperial Assassin Suit,Armor,125,1,Trade.NoStorage=true
450070,Imperial_Fatal_Suit,Imperial Fatal Suit,Armor,125,1,Trade.NoStorage=true
450071,Imperial_Stalker_Suit,Imperial Stalker Suit,Armor,125,1,Trade.NoStorage=true
450072,Imperial_Picky_Robe,Imperial Picky Robe,Armor,125,1,Trade.NoStorage=true
450073,Imperial_Carrot_Robe,Imperial Catnip Robe,Armor,125,1,Trade.NoStorage=true
450074,Imperial_Trip_Suit,Imperial Trip Suit,Armor,125,1,Trade.NoStorage=true
450075,Imperial_Firerain_Suit,Imperial Fire Rain Suit,Armor,125,1,Trade.NoStorage=true
450076,Imperial_Crimson_Robe,Imperial Crimson Robe,Armor,125,1,Trade.NoStorage=true
450077,Imperial_Frost_Robe,Imperial Frost Robe,Armor,125,1,Trade.NoStorage=true
450078,Imperial_Psychic_Robe,Imperial Psychic Robe,Armor,125,1,Trade.NoStorage=true
450079,Imperial_Dust_Robe,Imperial Dust Robe,Armor,125,1,Trade.NoStorage=true
450080,Imperial_Sun_Suit,Imperial Sun Suit,Armor,125,1,Trade.NoStorage=true
450081,Imperial_Moon_Suit,Imperial Moon Suit,Armor,125,1,Trade.NoStorage=true
450082,Imperial_Ninja_Suit,Imperial Ninja Suit,Armor,125,1,Trade.NoStorage=true
450083,Imperial_Kunai_Suit,Imperial Kunai Suit,Armor,125,1,Trade.NoStorage=true
450084,Imperial_Swhoo_Robe,Imperial Eswhoo Robe,Armor,125,1,Trade.NoStorage=true
450085,Imperial_Explosion_Robe,Imperial Explosion Robe,Armor,125,1,Trade.NoStorage=true
450086,Grace_Breath_Armor,Grace Breath Armor,Armor,150,1,Trade.NoStorage=true
450087,Grace_Knight_Armor,Grace Knight Armor,Armor,150,1,Trade.NoStorage=true
450088,Grace_Spear_Armor,Grace Spear Armor,Armor,150,1,Trade.NoStorage=true
450089,Grace_Genesis_Armor,Grace Genesis Armor,Armor,150,1,Trade.NoStorage=true
450090,Grace_Sharp_Suit,Grace Sharp Suit,Armor,150,1,Trade.NoStorage=true
450091,Grace_Aim_Suit,Grace Aimed Suit,Armor,150,1,Trade.NoStorage=true
450092,Grace_Severe_Suit,Grace Severe Suit,Armor,150,1,Trade.NoStorage=true
450093,Grace_Reverb_Suit,Grace Reverb Suit,Armor,150,1,Trade.NoStorage=true
450094,Grace_Adora_Robe,Grace Adora Robe,Armor,150,1,Trade.NoStorage=true
450095,Grace_Duple_Robe,Grace Duple Robe,Armor,150,1,Trade.NoStorage=true
450096,Grace_Knuckle_Suit,Grace Knuckle Suit,Armor,150,1,Trade.NoStorage=true
450097,Grace_Tiger_Suit,Grace Tiger Suit,Armor,150,1,Trade.NoStorage=true
450098,Grace_Tonado_Armor,Grace Tornado Armor,Armor,150,1,Trade.NoStorage=true
450099,Grace_Vulcan_Armor,Grace Vulcan Armor,Armor,150,1,Trade.NoStorage=true
450100,Grace_Kart_Suit,Grace Cart Cannon Suit,Armor,150,1,Trade.NoStorage=true
450101,Grace_Kart_Suit2,Grace Cart Tornado Suit,Armor,150,1,Trade.NoStorage=true
450102,Grace_Rolling_Suit,Grace Rolling Suit,Armor,150,1,Trade.NoStorage=true
450103,Grace_Assasin_Suit,Grace Assassin Suit,Armor,150,1,Trade.NoStorage=true
450104,Grace_Fatal_Suit,Grace Fatal Suit,Armor,150,1,Trade.NoStorage=true
450105,Grace_Stalker_Suit,Grace Stalker Suit,Armor,150,1,Trade.NoStorage=true
450106,Grace_Picky_Robe,Grace Picky Robe,Armor,150,1,Trade.NoStorage=true
450107,Grace_Carrot_Robe,Grace Catnip Robe,Armor,150,1,Trade.NoStorage=true
450108,Grace_Trip_Suit,Grace Trip Suit,Armor,150,1,Trade.NoStorage=true
450109,Grace_Firerain_Suit,Grace Fire Rain Suit,Armor,150,1,Trade.NoStorage=true
450110,Grace_Crimson_Robe,Grace Crimson Robe,Armor,150,1,Trade.NoStorage=true
450111,Grace_Frost_Robe,Grace Frost Robe,Armor,150,1,Trade.NoStorage=true
450112,Grace_Psychic_Robe,Grace Psychic Robe,Armor,150,1,Trade.NoStorage=true
450113,Grace_Dust_Robe,Grace Dust Robe,Armor,150,1,Trade.NoStorage=true
450114,Grace_Sun_Suit,Grace Sun Suit,Armor,150,1,Trade.NoStorage=true
450115,Grace_Moon_Suit,Grace Moon Suit,Armor,150,1,Trade.NoStorage=true
450116,Grace_Ninja_Suit,Grace Ninja Suit,Armor,150,1,Trade.NoStorage=true
450117,Grace_Kunai_Suit,Grace Kunai Suit,Armor,150,1,Trade.NoStorage=true
450118,Grace_Swhoo_Robe,Grace Eswhoo Robe,Armor,150,1,Trade.NoStorage=true
450119,Grace_Explosion_Robe,Grace Explosion Robe,Armor,150,1,Trade.NoStorage=true
450121,Noblesse_Snovice_Suit,Noblesse Super Novice Suit,Armor,100,1,Trade.NoStorage=true
450122,Noblesse_Snovice_Robe,Noblesse Super Novice Robe,Armor,100,1,Trade.NoStorage=true
450123,Imperial_Snovice_Suit,Imperial Super Novice Suit,Armor,125,1,Trade.NoStorage=true
450124,Imperial_Snovice_Robe,Imperial Super Novice Robe,Armor,125,1,Trade.NoStorage=true
450125,Grace_Snovice_Suit,Grace Super Novice Suit,Armor,150,1,Trade.NoStorage=true
450126,Grace_Snovice_Robe,Grace Super Novice Robe,Armor,150,1,Trade.NoStorage=true
450147,E_Illusion_Armor_A,Illusion Armor Type A (Bound),Armor,130,1,Trade.NoStorage=true
450148,E_Illusion_Armor_B,Illusion Armor Type B (Bound),Armor,130,1,Trade.NoStorage=true
450185,2Para_Armor_A,Paradise Luxury Suit,Armor,100,0,Trade.NoStorage=true
450186,2Para_Armor_B,Advanced Paradise Robe,Armor,100,0,Trade.NoStorage=true
450218,E_Auto_Armor_A,Automatic Armor A-type (Bound),Armor,160,1,Trade.NoStorage=true
450219,E_Auto_Armor_B,Automatic Armor B-type (Bound),Armor,160,1,Trade.NoStorage=true
450282,Flame_E_R_Armor2,Engraved Fiery Earth Rune Armor,Armor,250,1,Trade.NoStorage=true
450283,Ice_S_R_Suits2,Engraved Icy Storm Rune Suit,Armor,250,1,Trade.NoStorage=true
450284,Soul_P_R_Robe2,Engraved Soul Purifying Rune Robe,Armor,250,1,Trade.NoStorage=true
450285,Corrupt_P_R_Cloth2,Engraved Corrupted Poison Rune Cloth,Armor,250,1,Trade.NoStorage=true
470000,Atker_Greave,Attacker Booster Greaves,Shoes,100,1,Trade.NoStorage=true
470001,Ele_Shoes,Elemental Booster Shoes,Shoes,100,1,Trade.NoStorage=true
470002,Defn_Shoes,Defender Booster Shoes,Shoes,100,1,Trade.NoStorage=true
470003,Ran_Boots,Ranger Booster Boots,Shoes,100,1,Trade.NoStorage=true
470016,Noblesse_Attack_Boots,Noblesse Attack Boots,Shoes,100,1,Trade.NoStorage=true
470017,Noblesse_Magic_Boots,Noblesse Magic Boots,Shoes,100,1,Trade.NoStorage=true
470018,Imperial_Attack_Boots,Imperial Attack Boots,Shoes,125,1,Trade.NoStorage=true
470019,Imperial_Magic_Boots,Imperial Magic Boots,Shoes,125,1,Trade.NoStorage=true
470020,Grace_Attack_Boots,Grace Attack Boots,Shoes,150,1,Trade.NoStorage=true
470021,Grace_Magic_Boots,Grace Magic Boots,Shoes,150,1,Trade.NoStorage=true
470054,E_Illusion_Leg_A,Illusion Leg Type A (Bound),Shoes,130,1,Trade.NoStorage=true
470055,E_Illusion_Leg_B,Illusion Leg Type B (Bound),Shoes,130,1,Trade.NoStorage=true
470069,2Para_Boots_A,Paradise Luxury Boots,Shoes,100,0,Trade.NoStorage=true
470093,2Para_Boots_B,Advanced Paradise Shoes,Shoes,100,0,Trade.NoStorage=true
470125,E_Auto_Leg_A,Automatic Leg A-type (Bound),Shoes,160,1,Trade.NoStorage=true
470126,E_Auto_Leg_B,Automatic Leg B-type (Bound),Shoes,160,1,Trade.NoStorage=true
470325,Thanos_Boots1,Thanos Boots (Warrior),Shoes,190,1,Trade.NoStorage=true
470326,Thanos_Boots2,Thanos Boots (Shooter),Shoes,190,1,Trade.NoStorage=true
470327,Thanos_Boots3,Thanos Boots (Magic),Shoes,190,1,Trade.NoStorage=true
470328,Thanos_Boots4,Thanos Boots (Fighter),Shoes,190,1,Trade.NoStorage=true
480000,Atker_Manteau,Attacker Booster Manteau,Garments,100,1,Trade.NoStorage=true
480001,Ele_Muffler,Elemental Booster Muffler,Garments,100,1,Trade.NoStorage=true
480002,Defn_Muffler,Defender Booster Muffler,Garments,100,1,Trade.NoStorage=true
480003,Ran_Manteau,Ranger Booster Manteau,Garments,100,1,Trade.NoStorage=true
480012,Noblesse_Attack_Manteau,Noblesse Attack Manteau,Garments,100,1,Trade.NoStorage=true
480014,Noblesse_Magic_Manteau,Noblesse Magic Manteau,Garments,100,1,Trade.NoStorage=true
480016,Imperial_Attack_Manteau,Imperial Attack Manteau,Garments,125,1,Trade.NoStorage=true
480017,Imperial_Magic_Manteau,Imperial Magic Manteau,Garments,125,1,Trade.NoStorage=true
480018,Grace_Attack_Manteau,Grace Attack Manteau,Garments,150,1,Trade.NoStorage=true
480019,Grace_Magic_Manteau,Grace Magic Manteau,Garments,150,1,Trade.NoStorage=true
480062,E_Illusion_Engine_A,Illusion Engine Wing Type A (Bound),Garments,130,1,Trade.NoStorage=true
480063,E_Illusion_Engine_B,Illusion Engine Wing Type A (Bound),Garments,130,1,Trade.NoStorage=true
480105,2Para_Manteau_A,Advanced Paradise Manteau,Garments,100,0,Trade.NoStorage=true
480106,2Para_Manteau_B,Advanced Paradise Muffler,Garments,100,0,Trade.NoStorage=true
480185,E_Auto_Engine_A,Automatic Engine wing A-type (Bound),Garments,160,1,Trade.NoStorage=true
480186,E_Auto_Engine_B,Automatic Engine wing B-type (Bound),Garments,160,1,Trade.NoStorage=true
480406,C_Comp_Valkyrie_Wing,[NFS] Costume Valkyrie Wings,Costumes,0,0,Trade.NoStorage=true
480425,Bio_CapeMelee_TH,Biolab Cape (Melee),Garments,170,1,Trade.NoStorage=true
480426,Bio_CapeMagic_TH,Biolab Cape (Magic),Garments,170,1,Trade.NoStorage=true
480427,Bio_CapeRange_TH,Biolab Cape (Range),Garments,170,1,Trade.NoStorage=true
490004,Atker_Ring,Attacker Booster Ring,Accessories,100,1,Trade.NoStorage=true
490005,Ele_Earing,Elemental Booster Earrings,Accessories,100,1,Trade.NoStorage=true
490006,Defn_Earing,Defender Booster Earrings,Accessories,100,1,Trade.NoStorage=true
490007,Ran_Brooch,Range Booster Brooches,Accessories,100,1,Trade.NoStorage=true
490014,Noblesse_Attack_Ring,Noblesse Attack Ring,Accessories,100,1,Trade.NoStorage=true
490015,Noblesse_Magic_Ring,Noblesse Magic Ring,Accessories,100,1,Trade.NoStorage=true
490017,Imperial_Attack_Ring,Imperial Attack Ring,Accessories,125,1,Trade.NoStorage=true
490018,Imperial_Magic_Ring,Imperial Magic Ring,Accessories,125,1,Trade.NoStorage=true
490019,Grace_Attack_Ring,Grace Attack Ring,Accessories,150,1,Trade.NoStorage=true
490020,Grace_Magic_Ring,Grace Magic Ring,Accessories,150,1,Trade.NoStorage=true
490072,E_Illusion_B_R,Illusion Booster R(Bound),Accessories,130,1,Trade.NoStorage=true
490073,E_Illusion_B_L,Illusion Booster L(Bound),Accessories,130,1,Trade.NoStorage=true
490074,E_Illusion_BC_R,Illusion Battle Chip R(Bound),Accessories,130,1,Trade.NoStorage=true
490075,E_Illusion_BC_L,Illusion Battle Chip L(Bound),Accessories,130,1,Trade.NoStorage=true
490087,4th_Q_Necklace,Hourglass Necklace,Accessories,200,0,Trade.NoStorage=true
490126,2Para_Acc_L_A,Advanced Paradise Ring,Accessories,100,0,Trade.NoStorage=true
490127,2Para_Acc_R_A,Advanced Paradise Gloves,Accessories,100,0,Trade.NoStorage=true
490128,2Para_Acc_L_B,Advanced Paradise Magic Ring,Accessories,100,0,Trade.NoStorage=true
490129,2Para_Acc_R_B,Advanced Paradise Necklace,Accessories,100,0,Trade.NoStorage=true
490214,E_Auto_B_R,Automatic Booster R (Bound),Accessories,160,1,Trade.NoStorage=true
490215,E_Auto_B_L,Automatic Booster L (Bound),Accessories,160,1,Trade.NoStorage=true
490216,E_Auto_BC_R,Automatic Battle Chip R (Bound),Accessories,160,1,Trade.NoStorage=true
490217,E_Auto_BC_L,Automatic Battle chip L (Bound),Accessories,160,1,Trade.NoStorage=true
490384,Charm_Of_Moon_CN,Amulet of the Moon,Accessories,100,1,Trade.NoStorage=true
490439,Comp_Unkn_Hero_SC,[NFS] Ring of Unknown Hero (Shadow Chaser),Accessories,100,1,Trade.NoStorage=true
490462,Comp_S_Novice_Figure,[NFS] Super Novice Figure,Accessories,100,0,Trade.NoStorage=true
490522,Comp_Unkn_Hero_Ring_WM,[NFS] Ring of Unknown Hero (Minstrel&Wanderer),Accessories,100,1,Trade.NoStorage=true
490651,Comp_Scarf_Rebell_MSP,[NFS] Rebellion's Scarf,Accessories,100,1,Trade.NoStorage=true
490653,Comp_Cel_Brooch_K_MSP,[NFS] Celine's Brooch,Accessories,100,1,Trade.NoStorage=true
490654,Comp_Ball_Of_Rasen_MSP,[NFS] Rasen Fuma's Orb,Accessories,100,1,Trade.NoStorage=true
500001,Boost_Sword,Booster Sword,Weapons,100,2,Trade.NoStorage=true
500015,PG_B_Sword,Pressure Genesis Booster Sword,Weapons,100,0,Trade.NoStorage=true
500016,HS_T_Sword,Hell Tornado Booster Sword,Weapons,100,0,Trade.NoStorage=true
500036,3Para_Sword_LG,Paradise Royal Guard Sword,Weapons,100,0,Trade.NoStorage=true
500037,3Para_Sword_GN,Paradise Genetic Sword,Weapons,100,0,Trade.NoStorage=true
500042,SP_B_Saber,Super Psychic Booster Saber,Weapons,100,0,Trade.NoStorage=true
500043,SI_B_Saber,Super Ignition Booster Saber,Weapons,100,0,Trade.NoStorage=true
510001,Boost_Dagger,Booster Dagger,Weapons,100,2,Trade.NoStorage=true
510002,Boost_Nindo,Booster Nindo,Weapons,100,2,Trade.NoStorage=true
510017,CA_B_Dagger,Counter Assault Booster Dagger,Weapons,100,0,Trade.NoStorage=true
510018,MF_B_Dagger,Magic Fatal Booster Dagger,Weapons,100,0,Trade.NoStorage=true
510038,3Para_Dagger_SC,Paradise Shadow Chaser Dagger,Weapons,100,0,Trade.NoStorage=true
510039,3Para_Dagger_NV,Paradise Super Novice Dagger,Weapons,100,0,Trade.NoStorage=true
510069,SN_B_Dagger,Super Novice Booster Dagger,Weapons,100,0,Trade.NoStorage=true
520000,Boost_Axe,Booster Axe,Weapons,100,2,Trade.NoStorage=true
520012,3Para_Axe_NC,Paradise Mechanic Axe,Weapons,100,0,Trade.NoStorage=true
530000,Boost_Spear,Booster Spear,Weapons,100,2,Trade.NoStorage=true
530005,BC_B_Spear,Vanishing Cannon Booster Spear,Weapons,100,0,Trade.NoStorage=true
530018,3Para_Spear_LG,Paradise Royal Guard Spear,Weapons,100,0,Trade.NoStorage=true
540000,Boost_Spl_Book,Booster Spellbook,Weapons,100,2,Trade.NoStorage=true
540001,Boost_Text,Booster Book,Weapons,100,2,Trade.NoStorage=true
540009,SB_B_Book,Spell Bolt Booster Book,Weapons,100,0,Trade.NoStorage=true
540031,3Para_Book1_SO,Paradise Sorcerer Magic Book,Weapons,100,0,Trade.NoStorage=true
540032,3Para_Book2_SO,Paradise Sorcerer Spell Book,Weapons,100,0,Trade.NoStorage=true
540033,3Para_Book1_SJ,Paradise Star Emperor Book of the Sun,Weapons,100,0,Trade.NoStorage=true
540034,3Para_Book2_SJ,Paradise Star Emperor Book of the Moon,Weapons,100,0,Trade.NoStorage=true
540039,ML_B_Book,Moon Starlight Booster Book,Weapons,100,0,Trade.NoStorage=true
540040,SS_B_Book,Sunshine Booster Book,Weapons,100,0,Trade.NoStorage=true
550001,Boost_Soul_Rod,Booster Rod,Weapons,100,2,Trade.NoStorage=true
550002,Boost_Foxtail,Booster Foxtail,Weapons,100,2,Trade.NoStorage=true
550010,ES_B_Stick,Elemental Spell Booster Stick,Weapons,100,0,Trade.NoStorage=true
550011,AN_B_Wand,Adonus Booster Wand,Weapons,100,0,Trade.NoStorage=true
550041,3Para_Rod_AB,Paradise Arch Bishop Staff,Weapons,100,0,Trade.NoStorage=true
550042,3Para_Foxtail1_SU,Paradise Summoner Foxtail,Weapons,100,0,Trade.NoStorage=true
550043,3Para_Foxtail2_SU,Paradise Summoner Foxtail Model,Weapons,100,0,Trade.NoStorage=true
550044,3Para_Wand_NV,Paradise Super Novice Wand,Weapons,100,0,Trade.NoStorage=true
550050,SP_B_Fox,Lunatic Picky Booster Foxtail,Weapons,100,0,Trade.NoStorage=true
550051,GB_B_Fox,Catnip Booster Foxtail Model,Weapons,100,0,Trade.NoStorage=true
550052,ES_B_Staff,Es Booster Staff,Weapons,100,0,Trade.NoStorage=true
550053,EC_B_Staff,Evil Curse Booster Staff,Weapons,100,0,Trade.NoStorage=true
550079,SN_B_Wand,Super Novice Booster Wand,Weapons,100,0,Trade.NoStorage=true
560000,Boost_Knuckle,Booster Knuckles,Weapons,100,2,Trade.NoStorage=true
560006,PS_B_Knuckle,Rampage Arrow Booster Knuckle,Weapons,100,0,Trade.NoStorage=true
560007,CP_B_Knuckle,Sky Cannon Booster Knuckle,Weapons,100,0,Trade.NoStorage=true
560024,3Para_Knuckle_SR,Paradise Sura Knuckle,Weapons,100,0,Trade.NoStorage=true
560025,3Para_Claw_SR,Paradise Sura Claw,Weapons,100,0,Trade.NoStorage=true
570000,Boost_Guitar,Booster Guitar,Weapons,100,2,Trade.NoStorage=true
570010,MV_B_Violin,Metallic Vibration Booster Violin,Weapons,100,0,Trade.NoStorage=true
570022,3Para_Violin_MI,Paradise Minstrel Violin,Weapons,100,0,Trade.NoStorage=true
570023,3Para_Harp_MI,Paradise Minstrel Harp,Weapons,100,0,Trade.NoStorage=true
570024,RS_B_Violin,Rainstorm Booster Violin,Weapons,100,0,Trade.NoStorage=true
580000,Boost_Whip,Booster Whip,Weapons,100,2,Trade.NoStorage=true
580010,MV_B_Whip,Metallic Vibration Booster Whip,Weapons,100,0,Trade.NoStorage=true
580022,3Para_Whip_WA,Paradise Wanderer Whip,Weapons,100,0,Trade.NoStorage=true
580023,3Para_Rope_WA,Paradise Wanderer Rope,Weapons,100,0,Trade.NoStorage=true
580024,RS_B_Whip,Rainstorm Booster Whip,Weapons,100,0,Trade.NoStorage=true
590000,Boost_Hall,Booster Mace,Weapons,100,2,Trade.NoStorage=true
590008,AK_B_Mace,Arm Knuckle Booster Mace,Weapons,100,0,Trade.NoStorage=true
590009,AC_B_Club,Acid Cannon Booster Club,Weapons,100,0,Trade.NoStorage=true
590010,DD_B_Mace,Dupledex Booster Mace,Weapons,100,0,Trade.NoStorage=true
590028,3Para_Mace_GN,Paradise Genetic Mace,Weapons,100,0,Trade.NoStorage=true
590029,3Para_Mace_AB,Paradise Arch Bishop Mace,Weapons,100,0,Trade.NoStorage=true
600001,Boost_TH_Sword,Booster Two-handed Sword,Weapons,100,2,Trade.NoStorage=true
600012,IW_B_T_Sword,Ignition Wave Booster Two-handed Sword,Weapons,100,0,Trade.NoStorage=true
600021,3Para_T_Sword_RK,Paradise Rune Knight Two-Handed Sword,Weapons,100,0,Trade.NoStorage=true
610000,Boost_Katar,Booster Katar,Weapons,100,2,Trade.NoStorage=true
610013,RC_B_Katar,Rolling Cross Booster Katar,Weapons,100,0,Trade.NoStorage=true
610026,3Para_Katar1_GC,Paradise Guillotine Cross Chakram,Weapons,100,0,Trade.NoStorage=true
610027,3Para_Katar2_GC,Paradise Guillotine Cross Katar,Weapons,100,0,Trade.NoStorage=true
610028,CA_B_Katar,Counter Assault Booster Katar,Weapons,100,0,Trade.NoStorage=true
620003,PT_B_Axe,Power Swing Booster Axe,Weapons,100,0,Trade.NoStorage=true
620012,3Para_T_Axe_NC,Paradise Mechanic Two-Handed Axe,Weapons,100,0,Trade.NoStorage=true
630008,HB_B_T_Spear,Hundred Breath Booster Spear,Weapons,100,0,Trade.NoStorage=true
630015,3Para_Lance_RK,Paradise Rune Knight Lance,Weapons,100,0,Trade.NoStorage=true
640000,Boost_Staff,Booster Staff,Weapons,100,2,Trade.NoStorage=true
640009,CS_B_Staff,Crimson Strain Booster Staff,Weapons,100,0,Trade.NoStorage=true
640010,CJ_B_Staff,Chain Jack Booster Staff,Weapons,100,0,Trade.NoStorage=true
640023,3Para_Staff_WL,Paradise Warlock Staff,Weapons,100,0,Trade.NoStorage=true
640024,3Para_Wand_WL,Paradise Warlock Wand,Weapons,100,0,Trade.NoStorage=true
640025,3Para_Staff_SP,Paradise Soul Reaper Staff,Weapons,100,0,Trade.NoStorage=true
640026,3Para_Rod_SP,Paradise Soul Reaper Soulstick,Weapons,100,0,Trade.NoStorage=true
650012,3Para_Humma1_KO,Paradise Kagerou&Oboro Fuuma Shuriken,Weapons,100,0,Trade.NoStorage=true
650013,3Para_Humma2_KO,Paradise Kagerou&Oboro Cross Fuuma Shuriken,Weapons,100,0,Trade.NoStorage=true
650017,FCH_B_Huuma,Wind Spear Petal Booster Huuma Shuriken,Weapons,100,0,Trade.NoStorage=true
650018,SN_B_Huuma,Cross Petal Booster Huuma Shuriken,Weapons,100,0,Trade.NoStorage=true
700001,Boost_Bow,Booster Bow,Weapons,100,2,Trade.NoStorage=true
700014,TB_B_Bow,Triangle Bomb Booster Bow,Weapons,100,0,Trade.NoStorage=true
700015,AS_B_Bow,Arrow Booster Bow,Weapons,100,0,Trade.NoStorage=true
700016,SB_B_Bow,Sharpbolt Booster Bow,Weapons,100,0,Trade.NoStorage=true
700017,RS_B_Bow,Rainstorm Booster Bow,Weapons,100,0,Trade.NoStorage=true
700041,3Para_Bow_SC,Paradise Shadow Chaser Bow,Weapons,100,0,Trade.NoStorage=true
700042,3Para_Bow1_RA,Paradise Ranger Bow,Weapons,100,0,Trade.NoStorage=true
700043,3Para_Bow2_RA,Paradise Ranger Crossbow,Weapons,100,0,Trade.NoStorage=true
800006,3Para_Revolver_RL,Paradise Rebellion Revolver,Weapons,100,0,Trade.NoStorage=true
800008,DF_B_Revolver,Desperado Fire Booster Revolver,Weapons,100,0,Trade.NoStorage=true
830000,Boost_Gatling,Booster Gatling,Weapons,100,2,Trade.NoStorage=true
830004,3Para_Gatling_RL,Paradise Rebellion Gatling Gun,Weapons,100,0,Trade.NoStorage=true
830007,FR_B_Gatling,Fire Round Booster Gatling Gun,Weapons,100,0,Trade.NoStorage=true
