Letter,Item ID,AegisName,Name,Price,Non-MVP Source Count,Source Mobs
A,31022,XM_Teddy_Bear_Card,Abandoned Teddy Bear Card,1000000,1,2995 Abandoned Teddy Bear (XM_TEDDY_BEAR)
A,300142,ILL_Deviace_Card,Abysmal Deviace Card,1000000,1,20803 Deep Sea Deviace (ILL_DEVIACE)
A,300150,ILL_King_Dramoh_Card,Abysmal King Dramoh Card,1000000,1,20810 Deep Sea King Dramoh (ILL_KING_DRAMOH)
A,4140,Knight_Of_Abyss_Card,Abysmal Knight Card,1000000,1,1219 Abysmal Knight (KNIGHT_OF_ABYSS)
A,300143,ILL_Marse_Card,Abysmal Marse Card,1000000,1,20804 Deep Sea Marse (ILL_MARSE)
A,300144,ILL_Merman_Card,Abysmal Merman Card,1000000,1,20805 Deep Sea Merman (ILL_MERMAN)
A,300141,ILL_Obeaune_Card,Abysmal Obeaune Card,1000000,1,20802 Deep Sea Obeaune (ILL_OBEAUNE)
A,300149,ILL_Phen_Card,Abysmal Phen Card,1000000,1,20809 Deep Sea Phen (ILL_PHEN)
A,300146,ILL_Sedora_Card,Abysmal Sedora Card,1000000,1,20806 Deep Sea Sedora (ILL_SEDORA)
A,300140,ILL_Sropho_Card,Abysmal Sropho Card,1000000,1,20801 Deep Sea Sropho (ILL_SROPHO)
A,300148,ILL_Strouf_Card,Abysmal Strouf Card,1000000,1,20808 Deep Sea Strouf (ILL_STROUF)
A,300147,ILL_Sword_Fish_Card,Abysmal Swordfish Card,1000000,1,20807 Deep Sea Swordfish (ILL_SWORD_FISH)
A,300005,Abyss_Man_Card,Abyssman Card,1000000,1,20603 Abyssman (ABYSSMAN)
A,4409,Agav_Card,Agav Card,1000000,2,1769 Agav (AGAV); 2911 Swift Agav (C1_AGAV)
A,4605,UndeadKnightM_Card,Agony Of Royal Knight Card,1000000,1,2473 1st Commander of Destruc (MG_M_UNDEAD_KNIGHT)
A,27181,AirShip_Raid_Card,Airship Raid Card,1000000,6,3175 Rotar Zairo (E1_ROTAR_ZAIRO); 3176 Gremlin (E1_GREMLIN); 3177 Beholder (E1_BEHOLDER); 3178 Acidus (E1_ACIDUS); 3179 Acidus (E1_ACIDUS_); 3180 Wywern (E1_G_S_NYDHOG)
A,4244,Alarm_Card,Alarm Card,1000000,2,1193 Alarm (ALARM); 2910 Elusive Alarm (C5_ALARM)
A,4253,Alice_Card,Alice Card,1000000,1,1275 Alice (ALICE)
A,4401,Alicel_Card,Alicel Card,1000000,2,1735 Alicel (ALICEL); 2909 Furious Alicel (C4_ALICEL)
A,4402,Aliot_Card,Aliot Card,1000000,1,1736 Aliot (ALIOT)
A,4400,Aliza_Card,Aliza Card,1000000,2,1737 Aliza (ALIZA); 2908 Aliza Ringleader (C3_ALIZA)
A,4252,Alligator_Card,Alligator Card,1000000,3,1271 Alligator (ALLIGATOR); 2907 Solid Alligator (C2_ALLIGATOR); 3416 Alligator (MIN_ALLIGATOR)
A,4515,Alnoldi_Card,Alnoldi Card,1000000,2,2151 Rafflesia Alnoldi (ALNOLDI); 2906 Swift Rafflesia Arnoldi (C1_ALNOLDI)
A,4567,Alphoccio_Card,Alphoccio Card,1000000,1,2226 Alphoccio (ALPHOCCIO)
A,4245,Am_Mut_Card,Am Mut Card,1000000,1,1301 Am Mut (AM_MUT)
A,4032,Ambernite_Card,Ambernite Card,1000000,2,1094 Ambernite (AMBERNITE); 2905 Elusive Ambernite (C5_AMBERNITE)
A,300254,Amitera_Card,Amitera Card,1000000,1,20924 Amitera (CHIMERA_AMITERA)
A,4062,Anacondaq_Card,Anacondaq Card,1000000,3,1030 Anacondaq (ANACONDAQ); 2904 Furious Anacondaq (C4_ANACONDAQ); 3398 Anacondaq (MIN_ANACONDAQ)
A,27293,Ancient_Megalith_Card,Ancient Megalith Card,1000000,1,20272 Ancient Megalith (ILL_MEGALITH)
A,4387,Ancient_Mimic_Card,Ancient Mimic Card,1000000,2,1699 Ancient Mimic (ANCIENT_MIMIC); 2903 Ancient Mimic Ringleader (C3_ANCIENT_MIMIC)
A,4248,Ancient_Mummy_Card,Ancient Mummy Card,1000000,1,1297 Ancient Mummy (ANCIENT_MUMMY)
A,27292,Ancient_Sta_Golem_Card,Ancient Stalactic Golem Card,1000000,1,20271 Ancient Stalactic Golem (ILL_STALACTIC_GOLEM)
A,27295,Ancient_S_Shooter_Card,Ancient Stone Shooter Card,1000000,1,20274 Ancient Stone Shooter (ILL_STONE_SHOOTER)
A,4473,Ancient_Tree_Card,Ancient Tree Card,1000000,1,2019 Ancient Tree (ANCIENT_TREE)
A,27291,Ancient_Trijoint_Card,Ancient Tri Joint Card,1000000,1,20270 Ancient Tri Joint (ILL_TRI_JOINT)
A,27297,Ancient_W_Fighter_Card,Ancient Wootan Fighter Card,1000000,1,20276 Ancient Wootan Fighter (ILL_WOOTAN_FIGHTER)
A,27296,Ancient_W_Shooter_Card,Ancient Wootan Shooter Card,1000000,1,20275 Ancient Wootan Shooter (ILL_WOOTAN_SHOOTER)
A,4249,Ancient_Worm_Card,Ancient Worm Card,1000000,1,1305 Ancient Worm (ANCIENT_WORM)
A,4043,Andre_Card,Andre Card,1000000,11,1095 Andre (ANDRE); 1105 Deniro (DENIRO); 1160 Piere (PIERE); 1237 Andre (META_ANDRE); 1238 Piere (META_PIERE); 1239 Deniro (META_DENIRO); 2857 Elusive Deniro (C5_DENIRO); 2902 Solid Andre (C2_ANDRE); 3402 Deniro (MIN_DENIRO); 3403 Piere (MIN_PIERE); 3404 Andre (MIN_ANDRE)
A,4013,Andre_Egg_Card,Andre Egg Card,1000000,2,1097 Ant Egg (ANT_EGG); 1236 Ant Egg (META_ANT_EGG)
A,4054,Angeling_Card,Angeling Card,1000000,1,1096 Angeling (ANGELING)
A,4513,Angra_Mantis_Card,Angra Mantis Card,1000000,3,2133 Angra Mantis (ANGRA_MANTIS); 2900 Elusive Angra Mantis (C5_ANGRA_MANTIS); 2901 Swift Angra Mantis (C1_ANGRA_MANTIS)
A,27082,AngerNineTail_Card,Angry Nine Tail Card,1000000,1,3759 Angry Nine Tail (ILL_NINE_TAIL)
A,4234,Anolian_Card,Anolian Card,1000000,2,1206 Anolian (ANOLIAN); 2899 Furious Anolian (C4_ANOLIAN)
A,4344,Anopheles_Card,Anopheles Card,1000000,3,1627 Anopheles (ANOPHELES); 2066 Anopheles (E_ANOPHELES); 2067 Anopheles (E_ANOPHELES_)
A,4596,AntiqueBook_Card,Antique Book Card,1000000,1,2366 Antique Book (ANTIQUE_BOOK)
A,4243,Antonio_Card,Antonio Card,1000000,1,2988 Wicked Vice Plant Manage (XM_ANTONIO)
A,4138,Anubis_Card,Anubis Card,1000000,1,1098 Anubis (ANUBIS)
A,4242,Apocalips_Card,Apocalipse Card,1000000,2,1365 Apocalypse (APOCALIPS); 2895 Furious Apocalypse (C4_APOCALIPS)
A,4443,Aqua_Elemental_Card,Aqua Elemental Card,1000000,1,2016 Aqua Elemental (AQUA_ELEMENTAL)
A,4241,Archangeling_Card,Arc Angeling Card,1000000,1,1388 Arc Angeling (ARCHANGELING)
A,4629,Arc_Elder_Card,Arc Elder Card,1000000,1,2920 Arc Elder (ARC_ELDER)
A,4371,Archdam_Card,Archdam Card,1000000,1,1668 Archdam (ARCHDAM)
A,4094,Archer_Skeleton_Card,Archer Skeleton Card,1000000,1,1016 Archer Skeleton (ARCHER_SKELETON)
A,4240,Arclouse_Card,Arclouze Card,1000000,3,1194 Arclouze (ARCLOUSE); 2893 Solid Arclouze (C2_ARCLOUSE); 2894 Arclouze Ringleader (C3_ARCLOUSE)
A,4114,Argiope_Card,Argiope Card,1000000,3,1099 Argiope (ARGIOPE); 2891 Elusive Argiope (C5_ARGIOPE); 2892 Swift Argiope (C1_ARGIOPE)
A,4075,Argos_Card,Argos Card,1000000,2,1100 Argos (ARGOS); 2890 Furious Argos (C4_ARGOS)
A,27249,Archi_Card,Arhi Card,1000000,1,2549 Arhi (GEFFEN_MAGE_1)
A,300097,Aries_Card,Aries Card,1000000,1,20677 Aries (MD_ARIES)
A,4575,Soheon_Card,Armed Guard Soheon Card,1000000,1,2254 Samurai Soheon (SOHEON)
A,4347,Armaia_Card,Armeyer Dinze Card,1000000,1,1654 Armeyer Dinze (ARMAIA)
A,300211,EP18_Ash_Toad_Card,Ash Toad Card,1000000,1,21295 Ash Toad (EP18_ASH_TOAD)
A,300218,EP18_Ashhopper_Card,Ashhopper Card,1000000,1,21302 Ashhopper (EP18_ASHHOPPER)
A,300219,EP18_Ashring_Card,Ashring Card,1000000,1,21303 Ashring (EP18_ASHRING)
A,4246,Assulter_Card,Assaulter Card,1000000,2,1315 Assaulter (ASSULTER); 2889 Assaulter Ringleader (C3_ASSULTER)
A,4247,Aster_Card,Aster Card,1000000,1,1266 Aster (ASTER)
A,4464,Aunoe_Card,Aunoe Card,1000000,1,1796 Aunoe (AUNOE)
B,4023,Desert_Wolf_Babe_Card,Baby Desert Wolf Card,1000000,4,1107 Baby Desert Wolf (DESERT_WOLF_B); 2855 Baby Desert Wolf Ringlea (C3_DESERT_WOLF_B); 2856 Furious Baby Desert Wolf (C4_DESERT_WOLF_B); 21324 Baby Gray Wolf (EP18_GREY_WOLF_BABY)
B,4233,Baby_Leopard_Card,Baby Leopard Card,1000000,1,1415 Baby Leopard (BABY_LEOPARD)
B,4591,Bakonawa_Card,Bakonawa Card,1000000,4,2320 Bakonawa (BAKONAWA_1); 2321 Bakonawa (BAKONAWA_2); 2322 Bakonawa (BAKONAWA_3); 2335 Bakonawa's Treasure (MA_TREASURE)
B,4518,Banaspaty_Card,Banaspaty Card,1000000,2,2154 Banaspaty (BANASPATY); 2888 Solid Banaspaty (C2_BANASPATY)
B,4590,Bangungot_Card,Bangungot Card,1000000,3,2317 Bangungot (BANGUNGOT_1); 2318 Bangungot (BANGUNGOT_2); 2327 Bangungot (BANGUNGOT_3)
B,4438,Banshee_Card,Banshee Card,1000000,2,1867 Banshee (BANSHEE); 2887 Swift Banshee (C1_BANSHEE)
B,4450,Banshee_Master_Card,Banshee Master Card,1000000,2,1974 Banshee Master (BANSHEE_MASTER); 2886 Elusive Banshee Master (C5_BANSHEE_MASTER)
B,4129,Baphomet__Card,Bapho Jr. Card,1000000,1,1101 Baphomet Jr. (BAPHOMET_)
B,4147,Baphomet_Card,Baphomet Card,1000000,1,1929 Unsealed Baphomet (BAPHOMET_I)
B,4391,Retribution_Card,Baroness of Retribution Card,1000000,4,1702 Baroness of Retribution (RETRIBUTION); 2684 Furious Baroness of Retr (C4_RETRIBUTION); 2685 Elusive Baroness of Retr (C5_RETRIBUTION); 2686 Swift Baroness of Retrib (C1_RETRIBUTION)
B,300102,Beta_Baths_A_Card,Bath Administrator Card,1000000,2,20635 Cleaning Robot (EP17_2_BETA_BATHS_A); 20636 Cleaning Robot (EP17_2_BETA_BATHS_B)
B,4119,Bathory_Card,Bathory Card,1000000,2,1102 Bathory (BATHORY); 2885 Furious Bathory (C4_BATHORY)
B,4307,Kind_Of_Beetle_Card,Beetle King Card,1000000,2,1494 Beetle King (KIND_OF_BEETLE); 2787 Furious Beetle King (C4_KIND_OF_BEETLE)
B,4356,Beholder_Card,Beholder Card,1000000,1,1633 Beholder (BEHOLDER)
B,4466,Beholder_Master_Card,Beholder Master Card,1000000,1,1975 Beholder Master (BEHOLDER_MASTER)
B,27306,Bellare_Card,Bellare Card,1000000,2,20350 A013 - Bellare (MD_A013_BELLARE); 20355 Heart Hunter Bellare (EP17_1_BELLARE1)
B,4627,Big_Bell_Card,Big Bell Card,1000000,1,2917 Big Bell (BIG_BELL)
B,4626,Big_Ben_Card,Big Ben Card,1000000,1,2916 Big Ben (BIG_BEN)
B,4074,BigFoot_Card,Bigfoot Card,1000000,3,1060 Bigfoot (BIGFOOT); 2884 Bigfoot Ringleader (C3_BIGFOOT); 3394 Bigfoot (MIN_BIGFOOT)
B,4215,Blazzer_Card,Blazer Card,1000000,1,1367 Blazer (BLAZZER)
B,4327,Blood_Butterfly_Card,Bloody Butterfly Card,1000000,2,1408 Bloody Butterfly (BLOOD_BUTTERFLY); 2883 Swift Bloody Butterfly (C1_BLOOD_BUTTERFLY)
B,4320,Bloody_Knight_Card,Bloody Knight Card,1000000,1,1268 Bloody Knight (BLOODY_KNIGHT)
B,4214,Bloody_Murderer_Card,Bloody Murderer Card,1000000,1,1507 Bloody Murderer (BLOODY_MURDERER)
B,4379,Acidus__Card,Blue Acidus Card,1000000,3,1716 Acidus (ACIDUS_); 2912 Solid Acidus (C2_ACIDUS_); 2913 Acidus Ringleader (C3_ACIDUS_)
B,300245,Bluemoon_Loli_Ruri_Card,Blue Moon Loli Ruri Card,1000000,1,20940 Blue Moon Loli Ruri (BLUEMOON_LOLI_RURI)
B,300124,Pitaya_B_Card,Blue Pitaya Card,1000000,2,20651 Blue Pitaya (EP17_2_PITAYA_B); 20662 Blue Pitaya (MD_PITAYA_B)
B,27256,Blut_Hase_Card,Blut Hase Card,1000000,1,2556 Blut Hase (GEFFEN_MAGE_6)
B,300121,EP17_2_Marc_Card,Boiling Marc Card,1000000,1,20644 Boiled Water Marc (EP17_2_MARC)
B,300118,EP17_2_Phen_Card,Boiling Phen Card,1000000,1,20643 Boiled Water Phen (EP17_2_PHEN)
B,300120,EP17_2_Piranha_Card,Boiling Piranha Card,1000000,1,20646 Boiled Water Piranha (EP17_2_PIRANHA)
B,300119,EP17_2_Sword_Fish_Card,Boiling Swordfish Card,1000000,1,20645 Boiled Water Swordfish (EP17_2_SWORD_FISH)
B,27105,Bomi_Card,Bomi Card,1000000,1,3756 Bomi (ILL_BOMI)
B,4212,Bon_Gun_Card,Bongun Card,1000000,1,1188 Bongun (BON_GUN)
B,300104,Bookworm_Card,Bookworm Card,1000000,1,20683 Bookworm (EP17_2_BOOKWORM)
B,4428,Bow_Guardian_Card,Bow Guardian Card,1000000,1,1830 Bow Guardian (BOW_GUARDIAN)
B,4472,Bradium_Goram_Card,Bradium Golem Card,1000000,2,2024 Bradium Golem (BRADIUM_GOLEM); 2882 Elusive Bradium Golem (C5_BRADIUM_GOLEM)
B,4390,Breeze_Card,Breeze Card,1000000,3,1692 Breeze (BREEZE); 2880 Breeze Ringleader (C3_BREEZE); 2881 Furious Breeze (C4_BREEZE)
B,4213,Brilight_Card,Brilight Card,1000000,1,1211 Brilight (BRILIGHT)
B,27324,Brinaranea_Card,Brinaranea Card,1000000,1,3091 Brinaranea (MM_BRINARANEA)
B,300076,Beta_Guards_Ng_Card,Broken Beta Guards Card,1000000,1,20639 Broken Beta Guards (EP17_2_BETA_GUARDS_NG)
B,300101,Beta_Cleaner_Card,Broken Cleaner Card,1000000,2,20633 Broken Cleaner (EP17_2_BETA_CLEANER_A); 20634 Broken Cleaner (EP17_2_BETA_CLEANER_B)
B,300087,Beta_Scissore_Ng_Card,Broken Gardener Beta Card,1000000,1,20631 Broken Gardener Beta (MD_BETA_SCISSORE_NG)
B,300077,O_Cleaner_Ng_Card,Broken Omega Cleaner Card,1000000,1,20641 Broken Cleaning Robot Ω (EP17_2_OMEGA_CLEANER_NG)
B,27176,Rr_Cramp_Card,Brown Rat Card,1000000,1,3788 Brown Rat (RR_CRAMP)
B,300241,Brutal_Murderer_Card,Brutal Murderer Card,1000000,1,20937 Brutal Murderer (BRUTAL_MURDERER)
B,4582,Bungisngis_Card,Bungisngis Card,1000000,1,2309 Bungisngis (BUNGISNGIS)
B,4519,Butoijo_Card,Butoijo Card,1000000,1,2155 Butoijo (BUTOIJO)
B,4426,Byorgue_Card,Byorgue Card,1000000,1,1839 Byrogue (BYORGUE)
C,4063,Caramel_Card,Caramel Card,1000000,2,1103 Caramel (CARAMEL); 2878 Swift Caramel (C1_CARAMEL)
C,4288,Carat_Card,Carat Card,1000000,2,1267 Carat (CARAT); 2877 Elusive Carat (C5_CARAT)
C,4290,Cat_O_Nine_Tail_Card,Cat O' Nine Tails Card,1000000,1,1307 Cat o' Nine Tails (CAT_O_NINE_TAIL)
C,4289,Caterpillar_Card,Caterpillar Card,1000000,2,1300 Caterpillar (CATERPILLAR); 2876 Furious Caterpillar (C4_CATERPILLAR)
C,4368,Shecil_Card,Cecil Damon Card,1000000,2,1638 Cecil Damon (SHECIL); 2667 Solid Cecil Damon (C2_SHECIL)
C,4568,Ceila_Card,Celia Card,1000000,1,2223 Celia (CELIA)
C,4517,Cendrawasih_Card,Cendrawasih Card,1000000,1,2153 Cendrawasih (CENDRAWASIH)
C,4595,Cenere_Card,Cenere Card,1000000,1,2365 Cenere (CENERE)
C,4447,Centipede_Card,Centipede Card,1000000,2,1987 Centipede (CENTIPEDE); 2873 Swift Centipede (C1_CENTIPEDE)
C,4452,Centipede_Larva_Card,Centipede Larva Card,1000000,1,1999 Centipede Larva (CENTIPEDE_LARVA)
C,4661,Basilisk2_Card,Charge Basilisk Card,1000000,2,3503 Combat Basilisk (DR_BASILISK2); 3504 Combat Basilisk (DR_BASILISK3)
C,4569,Chen_Card,Chen Card,1000000,1,2224 Chen (CHEN)
C,4284,Chepet_Card,Chepet Card,1000000,1,1250 Chepet (CHEPET)
C,4300,Chimera_Card,Chimera Card,1000000,2,1283 Chimera (CHIMERA); 2485 Nightmare Chimera (NG_CHIMERA)
C,4285,Choco_Card,Choco Card,1000000,2,1214 Choco (CHOCO); 1861 Choco (E_CHOCO)
C,4009,Chonchon_Card,Chonchon Card,1000000,4,1011 Chonchon (CHONCHON); 1183 Chonchon (CHONCHON_); 2872 Elusive Chonchon (C5_CHONCHON); 3407 Chonchon (MIN_CHONCHON)
C,4235,Cookie_XMAS_Card,Christmas Cookie Card,1000000,1,1246 Christmas Cookie (COOKIE_XMAS)
C,4299,Clock_Card,Clock Card,1000000,3,1269 Clock (CLOCK); 2870 Clock Ringleader (C3_CLOCK); 2871 Furious Clock (C4_CLOCK)
C,4262,Evil_Cloud_Hermit_Card,Cloud Hermit Card,1000000,1,1412 Taoist Hermit (EVIL_CLOUD_HERMIT)
C,4475,Cobalt_Mineral_Card,Cobalt Mineral Card,1000000,1,1976 Cobalt Mineral (COBALT_MINERAL)
C,4041,Coco_Card,Coco Card,1000000,4,1104 Coco (COCO); 1860 Coco (E_COCO); 2868 Swift Coco (C1_COCO); 2869 Solid Coco (C2_COCO)
C,27286,Colorful_T_Bear_Card,Colorful Teddy Bear Card,1000000,5,20255 Red Teddy Bear (ILL_TEDDY_BEAR_R); 20256 Yellow Teddy Bear (ILL_TEDDY_BEAR_Y); 20257 Green Teddy Bear (ILL_TEDDY_BEAR_G); 20258 White Teddy Bear (ILL_TEDDY_BEAR_W); 20259 Blue Teddy Bear (ILL_TEDDY_BEAR_B)
C,4516,Comodo_Card,Comodo Card,1000000,2,2152 Comodo (COMODO); 2867 Elusive Comodo (C5_COMODO)
C,4015,Condor_Card,Condor Card,1000000,2,1009 Condor (CONDOR); 3388 Condor (MIN_CONDOR)
C,4293,Cookie_Card,Cookie Card,1000000,2,1265 Cookie (COOKIE); 2865 Cookie Ringleader (C3_COOKIE)
C,4448,Cornus_Card,Cornus Card,1000000,1,1992 Cornus (CORNUS)
C,4061,Cornutus_Card,Cornutus Card,1000000,2,1067 Cornutus (CORNUTUS); 2864 Solid Cornutus (C2_CORNUTUS)
C,27328,LivingDeath_Card,Corrupt Life Card,1000000,9,3010 Corrupt Orc Baby (EP14_3_DEATH_A_MOB1); 3011 Corrupt Baby Desert Wol (EP14_3_DEATH_A_MOB2); 3012 Corrupt Familiar (EP14_3_DEATH_A_MOB3); 3013 Corrupt Orc Warrior (EP14_3_DEATH_B_MOB1); 3014 Corrupt Desert Wolf (EP14_3_DEATH_B_MOB2); 3015 Corrupt Phen (EP14_3_DEATH_B_MOB3); 3016 Corrupt Orc Zombie (EP14_3_DEATH_C_MOB1); 3017 Corrupt Verit (EP14_3_DEATH_C_MOB2); 3018 Corrupt Megalodon (EP14_3_DEATH_C_MOB3)
C,27179,Coyote_Card,Coyote Card,1000000,1,3739 Coyote (COYOTE)
C,4153,Crab_Card,Crab Card,1000000,1,1073 Crab (CRAB)
C,4296,Cramp_Card,Cramp Card,1000000,1,1209 Cramp (CRAMP)
C,4040,Creamy_Card,Creamy Card,1000000,2,1018 Creamy (CREAMY); 2863 Swift Creamy (C1_CREAMY)
C,4298,Cremy_Fear_Card,Creamy Fear Card,1000000,1,1293 Creamy Fear (CREMY_FEAR)
C,31019,XM_Lude_Card,Creepy Demon Card,1000000,1,2992 Creepy Demon (XM_LUDE)
C,6716,Cri_Stone,CRI Stone (Upper),1000000,1,3075 Treasure (WA_TREASURE)
C,4297,Cruiser_Card,Cruiser Card,1000000,1,1248 Cruiser (CRUISER)
C,27122,Curupira_Card,Curupira Card,1000000,1,2074 Curupira (CURUPIRA)
D,4392,Observation_Card,Dame of Sentinel Card,1000000,2,1700 Dame of Sentinel (OBSERVATION); 2726 Dame of Sentinel Ringlea (C3_OBSERVATION)
D,31021,XM_Marionette_Card,Dancing Marionette Card,1000000,1,2994 Dancing Marionette (XM_MARIONETTE)
D,27165,Faceworm_D_Card,Dark Faceworm Card,1000000,1,2530 Dark Faceworm (FACEWORM_DARK)
D,4170,Dark_Frame_Card,Dark Frame Card,1000000,1,1260 Dark Frame (DARK_FRAME)
D,4169,Dark_Illusion_Card,Dark Illusion Card,1000000,1,1302 Dark Illusion (DARK_ILLUSION)
D,4468,Pinguicula_Dark_Card,Dark Pinguicula Card,1000000,2,2015 Dark Pinguicula (PINGUICULA_D); 2710 Solid Dark Pinguicula (C2_PINGUICULA_D)
D,4171,Dark_Priest_Card,Dark Priest Card,1000000,2,1198 Dark Priest (DARK_PRIEST); 2861 Furious Dark Priest (C4_DARK_PRIEST)
D,4449,Dark_Shadow_Card,Dark Shadow Card,1000000,1,2023 Dark Shadow (DARK_SHADOW)
D,300252,Deadre_Card,Deadre Card,1000000,1,20932 Deadre (DEADRE)
D,4388,Deathword_Card,Death Word Card,1000000,4,1698 Death Word (DEATHWORD); 2858 Swift Death Word (C1_DEATHWORD); 2859 Solid Death Word (C2_DEATHWORD); 2860 Death Word Ringleader (C3_DEATHWORD)
D,31016,XM_Tree_Card,Decorated Evil Tree Card,1000000,1,2987 Decorated Evil Tree (XM_TREE)
D,27322,Ahat_Card,Demon God's Apostle Ahat Card,1000000,1,3105 Demon God's Apostle Aha (MM_GB_MOROCC_1)
D,27323,Shnaim_Card,Demon God's Apostle Shnaim Card,1000000,1,3106 Demon God's Apostle Shn (MM_GB_MOROCC_4)
D,4173,Demon_Pungus_Card,Demon Pungus Card,1000000,1,1378 Demon Pungus (DEMON_PUNGUS)
D,4082,Desert_Wolf_Card,Desert Wolf Card,1000000,2,1106 Desert Wolf (DESERT_WOLF); 1220 Desert Wolf (M_DESERT_WOLF)
D,4397,Tha_Despero_Card,Despero of Thanatos Card,1000000,1,1705 Despero of Thanatos (THA_DESPERO)
D,4125,Deviace_Card,Deviace Card,1000000,1,1108 Deviace (DEVIACE)
D,4122,Deviruchi_Card,Deviruchi Card,1000000,2,1109 Deviruchi (DEVIRUCHI); 2854 Solid Deviruchi (C2_DEVIRUCHI)
D,4182,Diabolic_Card,Diabolic Card,1000000,1,1382 Diabolic (DIABOLIC)
D,300230,ILL_Andre_Card,Diligent Andre Card,1000000,1,21386 Diligent Andre (ILL_ANDRE)
D,300232,ILL_Andre_larva_Card,Diligent Andre Larva Card,1000000,1,21388 Diligent Andre Larva (ILL_ANDRE_LARVA)
D,300233,ILL_Deniro_Card,Diligent Deniro Card,1000000,1,21389 Diligent Deniro (ILL_DENIRO)
D,300234,ILL_Piere_Card,Diligent Piere Card,1000000,1,21390 Diligent Piere (ILL_PIERE)
D,300231,ILL_Andre_soldier_Card,Diligent Soldier Andre Card,1000000,1,21387 Diligent Soldier Andre (ILL_SOLDIER_ANDR)
D,300238,ILL_Vitata_Card,Diligent Vitata Card,1000000,1,21394 Diligent Vitata (ILL_VITATA)
D,4370,Dimik_Card,Dimik Card,1000000,6,1669 Dimik (DIMIK); 1670 Dimik (DIMIK_1); 1671 Dimik (DIMIK_2); 1672 Dimik (DIMIK_3); 1673 Dimik (DIMIK_4); 2853 Swift Dimik (C1_DIMIK_1)
D,27250,Dio_Anemos_Card,Dio Anemos Card,1000000,1,2550 Dio Anemos (GEFFEN_MAGE_2)
D,4181,Disguise_Card,Disguise Card,1000000,2,1506 Disguise (DISGUISE); 2852 Elusive Disguise (C5_DISGUISE)
D,300244,Disguiser_Card,Disguiser Card,1000000,1,20936 Disguiser (DISGUISER)
D,4098,Dokebi_Card,Dokebi Card,1000000,3,1110 Dokebi (DOKEBI); 2851 Furious Dokebi (C4_DOKEBI); 3393 Dokebi (MIN_DOKEBI)
D,4506,Dolomedes_Card,Dolomedes Card,1000000,2,2092 Dolomedes (DOLOMEDES); 2850 Dolomedes Ringleader (C3_DOLOMEDES)
D,27312,Dolor_Card,Dolor Card,1000000,2,20349 A013 - Dolor (MD_A013_DOLOR); 20361 Dolor (EP17_1_DOLOR1)
D,4398,Tha_Dolor_Card,Dolor of Thanatos Card,1000000,1,1707 Dolor of Thanatos (THA_DOLOR)
D,300250,Dolorian_Card,Dolorian Card,1000000,1,20930 Dolorian (DOLORIAN)
D,27019,DR815_Card,DR815 Card,1000000,1,3252 Machine Component (DR815)
D,4444,Draco_Card,Draco Card,1000000,2,2013 Draco (DRACO); 2849 Solid Draco (C2_DRACO)
D,4471,Egg_Of_Draco_Card,Draco Egg Card,1000000,1,2014 Draco Egg (DRACO_EGG)
D,4385,Dragon_Egg_Card,Dragon Egg Card,1000000,1,1721 Dragon Egg (DRAGON_EGG)
D,4179,Dragon_Fly_Card,Dragon Fly Card,1000000,1,1091 Dragon Fly (DRAGON_FLY)
D,4178,Dragon_Tail_Card,Dragon Tail Card,1000000,3,1321 Dragon Tail (DRAGON_TAIL); 2848 Swift Dragon Tail (C1_DRAGON_TAIL); 3411 Dragon Tail (MIN_DRAGON_TAIL)
D,4069,Drainliar_Card,Drainliar Card,1000000,4,1111 Drainliar (DRAINLIAR); 2847 Elusive Drainliar (C5_DRAINLIAR); 3666 Drainliar (MD_DRAINLIAR_100); 3667 Drainliar (MD_DRAINLIAR_160)
D,4180,Driller_Card,Driller Card,1000000,2,1380 Driller (DRILLER); 2846 Furious Driller (C4_DRILLER)
D,4004,Drops_Card,Drops Card,1000000,3,1113 Drops (DROPS); 2845 Drops Ringleader (C3_DROPS); 3813 Enriched Drops (MD_DROPS)
D,4421,Drosera_Card,Drosera Card,1000000,2,1781 Drosera (DROSERA); 2844 Solid Drosera (C2_DROSERA)
D,300083,Dry_Rafflesia_Card,Dry Rafflesia Card,1000000,1,20624 Dry Rafflesia (MD_DRY_RAFFLESIA)
D,4177,Dryad_Card,Dryad Card,1000000,3,1493 Dryad (DRYAD); 2843 Swift Dryad (C1_DRYAD); 3420 Dryad (MIN_DRYAD)
D,4176,Dullahan_Card,Dullahan Card,1000000,1,1504 Dullahan (DULLAHAN)
D,4154,Rice_Cake_Boy_Card,Dumpling Child Card,1000000,2,1409 Dumpling Child (RICE_CAKE_BOY); 2683 Dumpling Child Ringleade (C3_RICE_CAKE_BOY)
D,4458,Duneirre_Card,Duneyrr Card,1000000,1,2018 Duneyrr (DUNEYRR)
D,4056,Dustiness_Card,Dustiness Card,1000000,2,1114 Dustiness (DUSTINESS); 2842 Furious Dustiness (C4_DUSTINESS)
D,27262,Dy_Card,Dwigh Card,1000000,1,2562 Dwigh (GEFFEN_MAGE_12)
E,27304,E_EA2S_Card,E EA2S Card,1000000,1,20342 E-EA2S (MD_E_EA2S)
E,27320,E_EA1L_Card,E-EA1L Card,1000000,1,20341 E-EA1L (MD_E_EA1L)
E,4279,Deleter_Card,Earth Deleter Card,1000000,1,1385 Deleter (DELETER_)
E,4118,Petit_Card,Earth Petite Card,1000000,3,1155 Petite (PETIT); 2714 Swift Petite (C1_PETIT); 2715 Solid Petite (C2_PETIT)
E,4410,Echio_Card,Echio Card,1000000,2,1770 Echio (ECHIO); 2841 Echio Ringleader (C3_ECHIO)
E,4266,Eclipse_Card,Eclipse Card,1000000,1,1093 Eclipse (ECLIPSE)
E,4659,Eggring_Card,Eggring Card,1000000,1,3495 Eggring (DR_EGGRING)
E,4070,Eggyra_Card,Eggyra Card,1000000,1,1116 Eggyra (EGGYRA)
E,4346,Ygnizem_Card,Egnigem Cenia Card,1000000,1,1652 Egnigem Cenia (YGNIZEM)
E,4251,Elder_Card,Elder Card,1000000,1,1377 Elder (ELDER)
E,300103,Bath_Mermaid_Card,Elder of Chung-Geum Card,1000000,1,20647 Elder of Chung-Geum (EP17_2_BATH_MERMAID)
E,4052,Elder_Wilow_Card,Elder Willow Card,1000000,3,1033 Elder Willow (ELDER_WILOW); 2839 Swift Elder Willow (C1_ELDER_WILOW); 2840 Solid Elder Willow (C2_ELDER_WILOW)
E,300111,Bellare3_Card,Elite Bellare Card,1000000,1,20688 Elite Bellare (EP17_2_BELLARE3)
E,27174,E_Cowraiders2_Card,Elite Revolver Buffalo Bandit Card,1000000,1,3748 Elite Buffalo Bandit (E_COWRAIDERS2)
E,27175,E_Cowraiders3_Card,Elite Scimitar Buffalo Bandit Card,1000000,1,3749 Elite Buffalo Bandit (E_COWRAIDERS3)
E,27173,E_Cowraiders1_Card,Elite Shotgun Buffalo Bandit Card,1000000,1,3747 Elite Buffalo Bandit (E_COWRAIDERS1)
E,4577,Elvira_Card,Elvira Card,1000000,1,2252 Elvira (ELVIRA)
E,4217,Live_Peach_Tree_Card,Enchanted Peach Tree Card,1000000,2,1410 Enchanted Peach Tree (LIVE_PEACH_TREE); 2775 Solid Enchanted Peach Tr (C2_LIVE_PEACH_TREE)
E,4583,Engkanto_Card,Engkanto Card,1000000,1,2310 Engkanto (ENGKANTO)
E,4635,P_Amdarais_Card,Enhanced Amdarais Card,1000000,1,3448 Renovated Amdarais (P_AMDARAIS)
E,4633,P_Archer_Skeleton_Card,Enhanced Archer Skeleton Card,1000000,1,3445 Enchanted Archer Skelet (P_ARCHER_SKELETON)
E,4446,P_Skeleton_Card,Enhanced Skeleton Card,1000000,1,3446 Enchanted Skeleton (P_SKELETON)
E,4634,P_Soldier_Skeleton_Card,Enhanced Soldier Skeleton Card,1000000,1,3447 Enchanted Soldier Skele (P_SOLDIER_SKELETON)
E,4360,Eremes_Card,Eremes Guile Card,1000000,1,1635 Eremes Guile (EREMES)
E,4349,Erend_Card,Errende Ebecee Card,1000000,1,1655 Errende Ebecee (EREND)
E,4141,Evil_Druid_Card,Evil Druid Card,1000000,2,1117 Evil Druid (EVIL_DRUID); 2838 Elusive Evil Druid (C5_EVIL_DRUID)
E,31018,XM_Mystcase_Card,Evil Dwelling Box Card,1000000,1,2991 Evil Dwelling Box (XM_MYSTCASE)
E,4258,Wicked_Nymph_Card,Evil Nymph Card,1000000,2,1416 Evil Nymph (WICKED_NYMPH); 2617 Elusive Evil Nymph (C5_WICKED_NYMPH)
E,27264,Evil_Shadow_Card,Evil Shadow Card,1000000,3,2939 Evil Shadow (MM_EVIL_SHADOW1); 2940 Evil Shadow (MM_EVIL_SHADOW2); 2941 Evil Shadow (MM_EVIL_SHADOW3)
E,4250,Executioner_Card,Executioner Card,1000000,1,1205 Executioner (EXECUTIONER)
E,27016,ExplorationRover_T_Card,Exploration Rover Turbo Card,1000000,1,3249 Explorer Robot Turbo (EXPLORATION_ROVER_T)
E,4267,Explosion_Card,Explosion Card,1000000,2,1383 Explosion (EXPLOSION); 2837 Furious Explosion (C4_EXPLOSION)
F,4002,Fabre_Card,Fabre Card,1000000,5,1007 Fabre (FABRE); 1229 Fabre (META_FABRE); 2835 Solid Fabre (C2_FABRE); 2836 Fabre Ringleader (C3_FABRE); 3386 Fabre (MIN_FABRE)
F,27163,Faceworm_Card,Faceworm Card,1000000,1,2528 Faceworm (FACEWORM)
F,27166,Faceworm_Egg_Card,Faceworm Egg Card,1000000,1,2540 Faceworm Egg (FACEWORM_EGG)
F,27167,Faceworm_L_Card,Faceworm Larva Card,1000000,1,2541 Faceworm Larva (FACEWORM_LARVA)
F,4607,FaithfulManager_Card,Faithful Manager Card,1000000,1,2371 Faithful Manager (FAITHFUL_MANAGER)
F,4316,Fake_Angel_Card,False Angel Card,1000000,2,1371 False Angel (FAKE_ANGEL); 2834 Swift False Angel (C1_FAKE_ANGEL)
F,4020,Farmiliar_Card,Familiar Card,1000000,8,1005 Familiar (FARMILIAR); 2833 Elusive Familiar (C5_FARMILIAR); 3643 Familiar (MD_FARMILIAR_60); 3644 Familiar (MD_FARMILIAR_80); 3645 Familiar (MD_FARMILIAR_100); 3646 Familiar (MD_FARMILIAR_120); 3647 Familiar (MD_FARMILIAR_140); 3648 Familiar (MD_FARMILIAR_160)
F,4465,Panat_Card,Fanat Card,1000000,1,1797 Fanat (FANAT)
F,27263,Fei_Kanabian_Card,Fay Kanavian Card,1000000,1,2563 Fay Kanavian (FEI_KANABIAN)
F,27254,Pa_Monk_Card,Faymont Card,1000000,1,2554 Faymont (GEFFEN_MAGE_4)
F,4026,Thief_Bug_Female_Card,Female Thief Bug Card,1000000,1,1053 Thief Bug Female (THIEF_BUG_)
F,300256,Fillia_Card,Fillia Card,1000000,1,20926 Fillia (CHIMERA_FILLIA)
F,27026,Fire_Condor_Card,Fire Condor Card,1000000,1,3020 Fire Condor (FIRE_CONDOR)
F,27028,Fire_Frilldora_Card,Fire Frilldora Card,1000000,1,3022 Fire Frilldora (FIRE_FRILLDORA)
F,27029,Fire_Golem_Card,Fire Golem Card,1000000,1,3023 Fire Golem (FIRE_GOLEM)
F,27027,Fire_Sand_Man_Card,Fire Sandman Card,1000000,1,3021 Fire Sandman (FIRE_SAND_MAN)
F,27030,Fulbuk_Card,Firebug Card,1000000,1,3027 Fire Bug (FULBUK)
F,4160,Antique_Firelock_Card,Firelock Soldier Card,1000000,1,1403 Firelock Soldier (ANTIQUE_FIRELOCK)
F,300222,EP18_Firewind_Kite_Card,Firewind Kite Card,1000000,1,21306 Firewind Kite (EP18_FIREWIND_KITE)
F,27360,Flame_Ghost_Card,Flame Ghost Card,1000000,1,20380 Flame Ghost (FLAME_GHOST_H)
F,4439,Flame_Skull_Card,Flame Skull Card,1000000,1,1869 Flame Skull (FLAME_SKULL)
F,4570,Flamel_Card,Flamel Card,1000000,1,2222 Flamel (FLAMEL)
F,4080,Flora_Card,Flora Card,1000000,1,1118 Flora (FLORA)
F,4319,Freezer_Card,Freezer Card,1000000,3,1319 Freezer (FREEZER); 2830 Solid Freezer (C2_FREEZER); 2831 Freezer Ringleader (C3_FREEZER)
F,4088,Frilldora_Card,Frilldora Card,1000000,1,1119 Frilldora (FRILLDORA)
F,27356,Frozen_Gargoyle_Card,Frozen Gargoyle Card,1000000,1,20369 Frozen Gargoyle (GARGOYLE_H)
F,4640,Frozenwolf_Card,Frozen Wolf Card,1000000,1,3442 Frozen Wolf (FROZENWOLF)
F,4670,Fru_Pom_Spider_Card,Fruit Pom Spider Card,1000000,1,3507 Fruits Pom Spider (DR_POM_SPIDER)
F,4405,Frus_Card,Frus Card,1000000,1,1753 Frus (FRUS)
F,300259,Fulgor_Card,Fulgor Card,1000000,1,20921 Fulgor (CHIMERA_FULGOR)
F,27110,AngerGazeti_Card,Furious Gazeti Card,1000000,1,3792 Angry Gazeti (ILL_GAZETI)
F,27112,AngerIceTitan_Card,Furious Ice Titan Card,1000000,1,3794 Angry Ice Titan (ILL_ICE_TITAN)
F,27111,AngerSnowier_Card,Furious Snowier Card,1000000,1,3793 Angry Snowier (ILL_SNOWIER)
F,27088,FuryHero_Card,Fury Hero Card,1000000,1,3765 Deranged Adventurer (ILL_FURY_HERO)
G,4151,Gajomart_Card,Gajomart Card,1000000,1,1309 Gajomart (GAJOMART)
G,4152,Galapago_Card,Galapago Card,1000000,2,1391 Galapago (GALAPAGO); 3414 Galapago (MIN_GALAPAGO)
G,300261,Galensis_Card,Galensis Card,1000000,1,20923 Galensis (CHIMERA_GALENSIS)
G,4423,Galion_Card,Galion Card,1000000,2,1783 Galion (GALION); 2828 Elusive Galion (C5_GALION)
G,300240,Gan_Ceann_Card,Gan Ceann Card,1000000,1,20935 Gan Ceann (GAN_CEANN)
G,4149,Gargoyle_Card,Gargoyle Card,1000000,3,1253 Gargoyle (GARGOYLE); 2826 Gargoyle Ringleader (C3_GARGOYLE); 2827 Furious Gargoyle (C4_GARGOYLE)
G,27178,Gaster_Card,Gaster Card,1000000,1,3740 Gaster (GASTER)
G,4418,Gazeti_Card,Gazeti Card,1000000,1,1778 Gazeti (GAZETI)
G,27018,GC109_Card,GC109 Card,1000000,1,3251 Machine Component (GC109)
G,27252,Geffen_Thug_Card,Geffen Bully Card,1000000,1,2552 Geffen Bully (GEFFEN_MAGE_3_2)
G,27251,Geffen_Gang_Card,Geffen Gang Member Card,1000000,1,2553 Geffen Gang Member (GEFFEN_MAGE_3_3)
G,27253,Geffen_Thief_Card,Geffen Shoplifter Card,1000000,1,2551 Geffen Shoplifter (GEFFEN_MAGE_3_1)
G,4354,Gemini_Card,Gemini-S58 Card,1000000,1,1681 Gemini-S58 (GEMINI)
G,4280,Geographer_Card,Geographer Card,1000000,3,1368 Geographer (GEOGRAPHER); 2824 Swift Geographer (C1_GEOGRAPHER); 2825 Solid Geographer (C2_GEOGRAPHER)
G,4571,Gertie_Card,Gertie Card,1000000,1,2225 Gertie (GERTIE)
G,300242,Ghost_Cube_Card,Ghost Cube Card,1000000,1,20938 Ghost Cube (GHOST_CUBE)
G,4047,Ghostring_Card,Ghostring Card,1000000,1,1120 Ghostring (GHOSTRING)
G,4110,Ghoul_Card,Ghoul Card,1000000,6,1036 Ghoul (GHOUL); 2011 Tenacious Ghoul (E_GHOUL); 2822 Furious Ghoul (C4_GHOUL); 2823 Elusive Ghoul (C5_GHOUL); 3664 Ghoul (MD_GHOUL_100); 3665 Ghoul (MD_GHOUL_160)
G,300249,Giant_Caput_Card,Giant Caput Card,1000000,1,20929 Giant Caput (GIANT_CAPUT)
G,4271,Giant_Honet_Card,Giant Hornet Card,1000000,2,1303 Giant Hornet (GIANT_HONET); 2821 Giant Hornet Ringleader (C3_GIANT_HONET)
G,4270,Giant_Spider_Card,Giant Spider Card,1000000,1,1304 Giant Spider (GIANT_SPIDER)
G,4303,Whisper_Boss_Card,Giant Whisper Card,1000000,1,1186 Giant Whisper (WHISPER_BOSS)
G,4278,Gibbet_Card,Gibbet Card,1000000,1,1503 Gibbet (GIBBET)
G,4087,Giearth_Card,Giearth Card,1000000,1,1121 Giearth (GIEARTH)
G,4165,Gig_Card,Gig Card,1000000,1,1387 Gig (GIG)
G,27183,Gigantes_Card,Gigantes Card,1000000,6,3191 Gigantes (MM_M_GIGAN1); 3192 Gigantes (MM_M_GIGAN2); 3193 Ancient Medium Gigantes (MM_M_GIGAN3); 3194 Large Gigantes (MM_L_GIGAN1); 3195 Large Gigantes (MM_L_GIGAN2); 3196 Ancient Gigantes (MM_L_GIGAN3)
G,4150,Goat_Card,Goat Card,1000000,4,1372 Goat (GOAT); 2815 Solid Goat (C2_GOAT); 2816 Goat Ringleader (C3_GOAT); 21323 Ashen Goat (EP18_GREY_GOAT)
G,4157,Goblin_Archer_Card,Goblin Archer Card,1000000,1,1258 Goblin Archer (GOBLIN_ARCHER)
G,4060,Goblin_Card,Goblin Card,1000000,7,1122 Goblin (GOBLIN_1); 1123 Goblin (GOBLIN_2); 1124 Goblin (GOBLIN_3); 1125 Goblin (GOBLIN_4); 1126 Goblin (GOBLIN_5); 2813 Elusive Goblin (C5_GOBLIN_1); 2814 Swift Goblin (C1_GOBLIN_1)
G,4155,Goblin_Leader_Card,Goblin Leader Card,1000000,1,1299 Goblin Leader (GOBLIN_LEADER)
G,4156,Steam_Goblin_Card,Goblin Steamrider Card,1000000,1,1280 Goblin Steamrider (STEAM_GOBLIN)
G,4378,Acidus_Card,Gold Acidus Card,1000000,1,1713 Acidus (ACIDUS)
G,4508,Gold_Scaraba_Card,Gold Scaraba Card,1000000,4,2161 Gold One-Horn Scaraba (I_HORN_SCARABA); 2162 Gold Two-Horn Scaraba (I_HORN_SCARABA2); 2163 Gold Antler Scaraba (I_ANTLER_SCARABA); 2164 Gold Rake Scaraba (I_RAKE_SCARABA)
G,4072,Golem_Card,Golem Card,1000000,3,1040 Golem (GOLEM); 2812 Furious Golem (C4_GOLEM); 3405 Golem (MIN_GOLEM)
G,4161,Grand_Peco_Card,Grand Peco Card,1000000,3,1369 Grand Peco (GRAND_PECO); 2810 Solid Grand Peco (C2_GRAND_PECO); 2811 Grand Peco Ringleader (C3_GRAND_PECO)
G,4664,Grass_Fabre_Card,Grass Fabre Card,1000000,1,3497 Grass Fabre (DR_FABRE)
G,27307,High_Bellare_Card,Greater Bellare Card,1000000,1,20356 High Hunter Bellare (EP17_1_BELLARE2)
G,27309,High_Sanare_Card,Greater Sanare Card,1000000,1,20358 High Hunter Sanare (EP17_1_SANARE2)
G,4283,Greatest_General_Card,Greatest General Card,1000000,2,1277 Greatest General (GREATEST_GENERAL); 2809 Swift Greatest General (C1_GREATEST_GENERAL)
G,27014,GreenCenere_Card,Green Cenere Card,1000000,1,3247 Green Cenere (CENERE_G)
G,4381,Ferus__Card,Green Ferus Card,1000000,2,1717 Ferus (FERUS_); 2832 Furious Ferus (C4_FERUS_)
G,4373,Chung_E_Card,Green Maiden Card,1000000,1,1631 Green Maiden (CHUNG_E_)
G,300125,Pitaya_G_Card,Green Pitaya Card,1000000,2,20653 Green Pitaya (EP17_2_PITAYA_G); 20664 Green Pitaya (MD_PITAYA_G)
G,4355,Gremlin_Card,Gremlin Card,1000000,1,1632 Gremlin (GREMLIN)
G,300220,EP18_Grey_Wolf_Card,Grey Wolf Card,1000000,1,21304 Grey Wolf (EP18_GREY_WOLF)
G,4162,Grizzly_Card,Grizzly Card,1000000,1,1381 Grizzly (GRIZZLY)
G,300246,Grote_Card,Grote Card,1000000,1,20941 Grote (GROTE)
G,4377,Green_Iguana_Card,Grove Card,1000000,3,1687 Grove (GREEN_IGUANA); 2808 Elusive Grove (C5_GREEN_IGUANA); 3412 Grove (MIN_GREEN_IGUANA)
G,4606,UndeadKnightF_Card,Grudge of Royal Knight Card,1000000,1,2474 2nd Commander of Destruc (MG_F_UNDEAD_KNIGHT)
G,4163,Gryphon_Card,Gryphon Card,1000000,1,1259 Gryphon (GRYPHON)
G,4164,Gullinbursti_Card,Gullinbursti Card,1000000,1,1311 Gullinbursti (GULLINBURSTI)
H,4462,Hardrock_Mommos_Card,Hardrock Mammoth Card,1000000,1,1990 Hardrock Mammoth (HARDROCK_MOMMOTH)
H,27288,Pitman_Worker_Card,Hardworking Pitman Card,1000000,1,20261 Hardworking Pitman (ILL_PITMAN)
H,4325,Harpy_Card,Harpy Card,1000000,3,1376 Harpy (HARPY); 2806 Harpy Ringleader (C3_HARPY); 2807 Furious Harpy (C4_HARPY)
H,4323,Garm_Baby_Card,Hatii Babe Card,1000000,1,1515 Baby Hatii (GARM_BABY)
H,27290,Sinister_Obsidian_Card,Haunted Obsidian Card,1000000,1,20263 Sinister Obsidian (ILL_OBSIDIAN)
H,27125,Headless_Mule_Card,Headless Mule Card,1000000,1,2071 Headless Mule (HEADLESS_MULE)
H,27149,Heart_Hunter_Card,Heart Hunter Card,1000000,4,3626 Upgraded Heart Hunter (EP16_2_H_HUNTER_V); 3627 Heart Hunter Guard (EP16_2_H_HUNTER_MD); 20680 Heart Hunter Skirmisher (EP17_2_HEART_HUNTER); 20682 Heart Hunter Skirmisher (EP17_2_HEART_HUNTER_H)
H,4331,Heater_Card,Heater Card,1000000,1,1318 Heater (HEATER)
H,4467,Heavy_Metaling_Card,Heavy Metaling Card,1000000,1,1977 Heavy Metaling (HEAVY_METALING)
H,4477,Hell_Apocalips_Card,Hell Apocalypse Card,1000000,1,1978 Hell Vesper (HELL_APOCALIPS)
H,4437,Hell_Poodle_Card,Hell Poodle Card,1000000,1,1866 Hellhound (HELL_POODLE)
H,4232,Wild_Ginseng_Card,Hermit Plant Card,1000000,1,1413 Hermit Plant (WILD_GINSENG)
H,4322,High_Orc_Card,High Orc Card,1000000,2,1213 High Orc (HIGH_ORC); 2805 Solid High Orc (C2_HIGH_ORC)
H,4345,Hill_Wind_Card,Hill Wind Card,1000000,4,1629 Hill Wind (HILL_WIND); 1680 Hill Wind (HILL_WIND_1); 2803 Elusive Hill Wind (C5_HILL_WIND_1); 2804 Swift Hill Wind (C1_HILL_WIND_1)
H,4453,Hilsrion_Card,Hillsrion Card,1000000,1,1989 Hillthrion (HILLSRION)
H,4081,Hode_Card,Hode Card,1000000,2,1127 Hode (HODE); 2802 Furious Hode (C4_HODE)
H,4413,Hodremlin_Card,Hodremlin Card,1000000,2,1773 Hodremlin (HODREMLIN); 2801 Hodremlin Ringleader (C3_HODREMLIN)
H,4343,Mole_Card,Holden Card,1000000,2,1628 Holden (MOLE); 2745 Solid Holden (C2_MOLE)
H,4045,Horn_Card,Horn Card,1000000,2,1128 Horn (HORN); 2800 Solid Horn (C2_HORN)
H,4019,Hornet_Card,Hornet Card,1000000,2,1004 Hornet (HORNET); 2798 Elusive Hornet (C5_HORNET)
H,4103,Horong_Card,Horong Card,1000000,1,1129 Horong (HORONG)
H,300214,EP18_Hot_Molar_Card,Hot Molar Card,1000000,1,21298 Hot Molar (EP18_HOT_MOLAR)
H,4362,Harword_Card,Howard Alt-Eisen Card,1000000,1,1636 Howard Alt-Eisen (HARWORD)
H,27147,Human_Kimera_Card,Humanoid Chimera Card,1000000,1,3631 Human Kimera (EP16_2_HUMAN_KIMERA)
H,4115,Hunter_Fly_Card,Hunter Fly Card,1000000,2,1035 Hunter Fly (HUNTER_FLY); 2797 Furious Hunter Fly (C4_HUNTER_FLY)
H,4667,Hunter_Wolf_Card,Hunter Wolf Card,1000000,1,3500 Hunter Desert Wolf (DR_DESERT_WOLF_B)
H,4035,Hydra_Card,Hydra Card,1000000,1,1068 Hydra (HYDRA)
H,4384,Hydro_Card,Hydrolancer Card,1000000,1,1720 Hydrolancer (HYDRO)
H,4321,Hylozoist_Card,Hylozoist Card,1000000,1,1510 Heirozoist (HYLOZOIST)
I,27120,Iara_Card,Iara Card,1000000,2,2069 Iara (IARA); 2795 Solid Iara (C2_IARA)
I,27359,Ice_Ghost_Card,Ice Ghost Card,1000000,1,20379 Ice Ghost (ICE_GHOST_H)
I,4417,Ice_Titan_Card,Ice Titan Card,1000000,2,1777 Ice Titan (ICE_TITAN); 2794 Swift Ice Titan (C1_ICE_TITAN)
I,27258,Hyper_Death_Card,Ifodes Card,1000000,1,2558 Ifodes (GEFFEN_MAGE_8)
I,4637,Immotal_Corps_Card,Immortal Corps Card,1000000,5,3451 Immotal Corps (IMMOTAL_CORPS); 3487 Butcher Soldier (IMMORTAL_CORPS1); 3488 Scythe Soldier (IMMORTAL_CORPS2); 3489 Bone Crash Soldier (IMMORTAL_CORPS3); 3490 Immortal Commander (IMMORTAL_CO_CMDER)
I,31024,As_Bdy_Knight_Card,Immortal Cursed Knight Card,1000000,1,3474 Immortal Cursed Knight (AS_BLOODY_KNIGHT)
I,31025,As_Wind_Ghost_Card,Immortal Wind Ghost Card,1000000,1,3475 Immortal Wind Ghost (AS_WIND_GHOST)
I,4433,Imp_Card,Imp Card,1000000,1,1837 Imp (IMP)
I,4269,Incubus_Card,Incubus Card,1000000,1,1374 Incubus (INCUBUS)
I,4646,IFN_Chimera_Card,Infinite Chimera Card,1000000,1,3425 Infinite Chimera (MIN_CHIMERA)
I,4645,IFN_Eclipse_Card,Infinite Eclipse Card,1000000,1,3424 Infinite Eclipse (MIN_ECLIPSE)
I,4642,IFN_Toad_Card,Infinite Toad Card,1000000,1,3421 Infinite Toad (MIN_TOAD)
I,4643,IFN_V_Wolf_Card,Infinite Vagabond Wolf Card,1000000,1,3422 Infinite Vagabond Wolf (MIN_VAGABOND_WOLF)
I,4644,IFN_Vocal_Card,Infinite Vocal Card,1000000,1,3423 Infinite Vocal (MIN_VOCAL)
I,4268,Injustice_Card,Injustice Card,1000000,2,1257 Injustice (INJUSTICE); 2792 Furious Injustice (C4_INJUSTICE)
I,300237,ILL_Farmiliar_Card,Intrepid Familiar Card,1000000,1,21393 Gutsy Familiar (ILL_FARMILIAR)
I,300236,ILL_Giearth_Card,Intrepid Giearth Card,1000000,1,21392 Gutsy Giearth (ILL_GIEARTH)
I,27168,Irene_Elder_Card,Irene High Elder Card,1000000,1,2542 Doyen Irene (IRENE_ELDER)
I,4239,Iron_Fist_Card,Iron Fist Card,1000000,1,1212 Iron Fist (IRON_FIST)
I,4412,Isilla_Card,Isilla Card,1000000,2,1772 Isilla (ISILLA); 2791 Isilla Ringleader (C3_ISILLA)
I,4116,Isis_Card,Isis Card,1000000,2,1029 Isis (ISIS); 2790 Solid Isis (C2_ISIS)
J,27124,Jaguar_Card,Jaguar Card,1000000,1,2072 Jaguar (JAGUAR)
J,4109,Jakk_Card,Jakk Card,1000000,3,1130 Jakk (JAKK); 3662 Jakk (MD_JAKK_100); 3663 Jakk (MD_JAKK_160)
J,4589,Jejeling_Card,Jejeling Card,1000000,1,2316 Jejeling (JEJELING)
J,300006,Jeweliant_Card,Jewelry Ant Card,1000000,2,20598 Jewelry Ant (JEWELIANT); 20599 Jewelry Ant (G_JEWELIANT)
J,4265,Li_Me_Mang_Ryang_Card,Jing Guai Card,1000000,2,1517 Jing Guai (LI_ME_MANG_RYANG); 2778 Elusive Jing Guai (C5_LI_ME_MANG_RYANG)
J,27109,JitterbugCard,Jitterbug Card,1000000,2,3108 Jitterbug1 (JITTERBUG1); 3109 Jitterbug2 (JITTERBUG2)
J,4139,Joker_Card,Joker Card,1000000,1,1131 Joker (JOKER)
J,27261,Jew_Card,Ju Card,1000000,1,2561 Ju (GEFFEN_MAGE_11)
J,4669,Ju_Mandragora_Card,Jungle Mandragora Card,1000000,1,3506 Jungle Madragora (DR_MANDRAGORA)
K,4065,Kaho_Card,Kaho Card,1000000,1,1072 Kaho (KAHO)
K,4287,Kapha_Card,Kapha Card,1000000,1,1406 Kapha (KAPHA)
K,4286,Karakasa_Card,Karakasa Card,1000000,2,1400 Karakasa (KARAKASA); 2789 Swift Karakasa (C1_KARAKASA)
K,4431,Kasa_Card,Kasa Card,1000000,2,1833 Kasa (KASA); 2788 Elusive Kasa (C5_KASA)
K,4366,Katrinn_Card,Kathryne Keyron Card,1000000,1,1639 Kathryne Keyron (KATRINN)
K,4351,Kavac_Card,Kavach Icarus Card,1000000,1,1656 Kavach Icarus (KAVAC)
K,4136,Khalitzburg_Card,Khalitzburg Card,1000000,1,1132 Khalitzburg (KHALITZBURG)
K,27013,KickAndKick_Card,Kick & Kick Card,1000000,1,3128 Security Robot (KICK_AND_KICK)
K,27012,Kick_Step_Card,Kick Step Card,1000000,1,3127 Hallway 1 Security Devi (KICK_STEP)
K,4301,Killer_Mantis_Card,Killer Mantis Card,1000000,1,1294 Killer Mantis (KILLER_MANTIS)
K,4524,King_Dramoh_Card,King Dramoh Card,1000000,1,2198 King Dramoh (KING_DRAMOH)
K,4434,Knocker_Card,Knocker Card,1000000,2,1838 Knocker (KNOCKER); 2786 Knocker Ringleader (C3_KNOCKER)
K,4292,Kobold_Archer_Card,Kobold Archer Card,1000000,2,1282 Kobold Archer (KOBOLD_ARCHER); 2784 Swift Kobold Archer (C1_KOBOLD_ARCHER)
K,4091,Kobold_Card,Kobold Card,1000000,4,1133 Kobold (KOBOLD_1); 1134 Kobold (KOBOLD_2); 1135 Kobold (KOBOLD_3); 2785 Solid Kobold (C2_KOBOLD_1)
K,4291,Kobold_Leader_Card,Kobold Leader Card,1000000,1,1296 Kobold Leader (KOBOLD_LEADER)
K,4295,Kraben_Card,Kraben Card,1000000,1,1587 Kraben (KRABEN)
K,4027,Kukre_Card,Kukre Card,1000000,1,1070 Kukre (KUKRE)
K,27257,Kuro_Akuma_Card,Kuro Akuma Card,1000000,1,2557 Kuro Akuma (GEFFEN_MAGE_7)
L,4394,Solace_Card,Lady Solace Card,1000000,2,1703 Lady Solace (SOLACE); 2650 Elusive Lady Solace (C5_SOLACE)
L,4350,Rawrel_Card,Laurell Weinder Card,1000000,2,1657 Laurell Weinder (RAWREL); 2692 Laurell Weinder Ringlead (C3_RAWREL)
L,4184,Lava_Golem_Card,Lava Golem Card,1000000,1,1366 Lava Golem (LAVA_GOLEM)
L,300216,EP18_Lava_Toad_Card,Lava Toad Card,1000000,1,21300 Lava Toad (EP18_LAVA_TOAD)
L,300258,Lava_Eater_Card,Lavaeter Card,1000000,1,20920 Lavaeter (CHIMERA_LAVA)
L,4195,Leaf_Cat_Card,Leaf Cat Card,1000000,2,1586 Leaf Cat (LEAF_CAT); 2781 Leaf Cat Ringleader (C3_LEAF_CAT)
L,4663,Leaf_Lunatic_Card,Leaf Lunatic Card,1000000,1,3496 Leaf Lunatic (DR_LUNATIC)
L,4188,Leib_Olmai_Card,Leib Olmai Card,1000000,2,1306 Leib Olmai (LEIB_OLMAI); 2780 Solid Leib Olmai (C2_LEIB_OLMAI)
L,27158,Les_Card,Les Card,1000000,2,1881 Lesavka (LES); 2779 Swift Les (C1_LES)
L,27259,Rechenier_Card,Licheniyes Card,1000000,1,2559 Licheniyes (GEFFEN_MAGE_9)
L,4597,LichternB_Card,Lichtern Blue Card,1000000,1,2367 Lichtern (LICHTERN_B)
L,4598,LichternY_Card,Lichtern Green Card,1000000,1,2368 Lichtern (LICHTERN_Y)
L,4599,LichternR_Card,Lichtern Red Card,1000000,1,2369 Lichtern (LICHTERN_R)
L,4600,LichternG_Card,Lichtern Yellow Card,1000000,1,2370 Lichtern (LICHTERN_G)
L,4511,Little_Fatum_Card,Little Fatum Card,1000000,2,2136 Little Fatum (LITTLE_FATUM); 2777 Furious Little Fatum (C4_LITTLE_FATUM)
L,300255,Litus_Card,Litus Card,1000000,1,20925 Litus (CHIMERA_LITUS)
L,27103,LivingDead_Card,Living Dead Card,1000000,3,3751 Living Dead (ILL_ZOMBIE_C); 3752 Starving Living Dead (ILL_ZOMBIE); 3753 Living Dead (ILL_GHOUL)
L,4191,Loli_Ruri_Card,Loli Ruri Card,1000000,2,1505 Loli Ruri (LOLI_RURI); 2774 Swift Loli Ruri (C1_LOLI_RURI)
L,4445,Luciola_Vespa_Card,Luciola Vespa Card,1000000,2,1994 Luciola Vespa (LUCIOLA_VESPA); 2773 Elusive Luciola Vespa (C5_LUCIOLA_VESPA)
L,4193,Lude_Card,Lude Card,1000000,2,1509 Lude (LUDE); 2772 Furious Lude (C4_LUDE)
L,300243,Lude_Gal_Card,Lude Gal Card,1000000,1,20939 Lude Gal (LUDE_GAL)
L,4006,Lunatic_Card,Lunatic Card,1000000,4,1063 Lunatic (LUNATIC); 2770 Solid Lunatic (C2_LUNATIC); 2771 Lunatic Ringleader (C3_LUNATIC); 3385 Lunatic (MIN_LUNATIC)
M,4395,Tha_Maero_Card,Maero of Thanatos Card,1000000,1,1706 Maero of Thanatos (THA_MAERO)
M,6718,MaxSP_Stone,Magic Stone (Lower),1000000,1,3075 Treasure (WA_TREASURE)
M,4432,Magmaring_Card,Magmaring Card,1000000,2,1836 Magmaring (MAGMARING); 2769 Swift Magmaring (C1_MAGMARING)
M,4076,Magnolia_Card,Magnolia Card,1000000,3,1138 Magnolia (MAGNOLIA); 1856 Magnolia (E_MAGNOLIA); 2768 Elusive Magnolia (C5_MAGNOLIA)
M,4201,Majoruros_Card,Majoruros Card,1000000,2,1310 Majoruros (MAJORUROS); 2767 Furious Majoruros (C4_MAJORUROS)
M,4050,Thief_Bug_Male_Card,Male Thief Bug Card,1000000,1,1054 Thief Bug Male (THIEF_BUG__)
M,31020,XM_Hylozoist_Card,Malicious Baby Ghost Card,1000000,1,2993 Malicious Baby Ghost (XM_HYLOZOIST)
M,4584,Manananggal_Card,Manananggal Card,1000000,1,2311 Manananggal (MANANANGGAL)
M,4030,Mandragora_Card,Mandragora Card,1000000,3,1020 Mandragora (MANDRAGORA); 1859 Mandragora (E_MANDRAGORA); 2765 Solid Mandragora (C2_MANDRAGORA)
M,4585,Mangkukulam_Card,Mangkukulam Card,1000000,1,2312 Mangkukulam (MANGKUKULAM)
M,4079,Mantis_Card,Mantis Card,1000000,2,1139 Mantis (MANTIS); 2764 Swift Mantis (C1_MANTIS)
M,4202,Civil_Servant_Card,Mao Guai Card,1000000,1,1513 Mao Guai (CIVIL_SERVANT)
M,4105,Marc_Card,Marc Card,1000000,2,1045 Marc (MARC); 1969 Marc (E_MARC)
M,4112,Marduk_Card,Marduk Card,1000000,2,1140 Marduk (MARDUK); 2763 Elusive Marduk (C5_MARDUK)
M,4364,Magaleta_Card,Margaretha Sorin Card,1000000,1,1637 Margaretha Sorin (MAGALETA)
M,4196,Marin_Card,Marin Card,1000000,5,1242 Marin (MARIN); 1857 Marin (E_MARIN); 2762 Furious Marin (C4_MARIN); 3399 Marin (MIN_MARIN); 3816 Enriched Marin (MD_MARIN)
M,4055,Marina_Card,Marina Card,1000000,2,1141 Marina (MARINA); 1972 Marina (E_MARINA)
M,4084,Marine_Sphere_Card,Marine Sphere Card,1000000,1,1142 Marine Sphere (MARINE_SPHERE)
M,4113,Marionette_Card,Marionette Card,1000000,2,1143 Marionette (MARIONETTE); 2761 Marionette Ringleader (C3_MARIONETTE)
M,4095,Marse_Card,Marse Card,1000000,1,1144 Marse (MARSE)
M,27177,Rr_Arclouse_Card,Marsh Arclouse Card,1000000,1,3787 Swamp Arclouze (RR_ARCLOUSE)
M,4046,Martin_Card,Martin Card,1000000,3,1145 Martin (MARTIN); 1862 Martin (E_MARTIN); 2760 Solid Martin (C2_MARTIN)
M,4197,Mastering_Card,Mastering Card,1000000,1,1090 Mastering (MASTERING)
M,27148,Matter_Kimera_Card,Material Chimera Card,1000000,1,3632 Material Kimera (EP16_2_MATTER_KIMERA)
M,27102,MattDrainliar_Card,Matt Drainliar Card,1000000,1,3750 Matt Drainliar (ILL_DRAINLIAR)
M,4097,Matyr_Card,Matyr Card,1000000,1,1146 Matyr (MATYR)
M,27161,Mavka_Card,Mavka Card,1000000,1,1884 Mavka (MAVKA)
M,4124,Medusa_Card,Medusa Card,1000000,2,1148 Medusa (MEDUSA); 2759 Swift Medusa (C1_MEDUSA)
M,4200,Megalith_Card,Megalith Card,1000000,2,1274 Megalith (MEGALITH); 3419 Megalith (MIN_MEGALITH)
M,4067,Megalodon_Card,Megalodon Card,1000000,2,1064 Megalodon (MEGALODON); 3417 Megalodon (MIN_MEGALODON)
M,4593,Menblatt_Card,Menblatt Card,1000000,1,2363 Menblatt (MENBLATT)
M,4199,Merman_Card,Merman Card,1000000,2,1264 Merman (MERMAN); 2757 Furious Merman (C4_MERMAN)
M,4341,Metaling_Card,Metaling Card,1000000,3,1613 Metaling (METALING); 2755 Solid Metaling (C2_METALING); 2756 Metaling Ringleader (C3_METALING)
M,4057,Metaller_Card,Metaller Card,1000000,3,1058 Metaller (METALLER); 2754 Swift Metaller (C1_METALLER); 3408 Metaller (MIN_METALLER)
M,4231,Increase_Soil_Card,Mi Gao Card,1000000,3,1516 Mi Gao (INCREASE_SOIL); 2247 Mi Gao (Q_INCREASE_SOIL); 2793 Elusive Mi Gao (C5_INCREASE_SOIL)
M,4205,Mimic_Card,Mimic Card,1000000,3,1191 Mimic (MIMIC); 2752 Furious Mimic (C4_MIMIC); 2753 Elusive Mimic (C5_MIMIC)
M,4510,Miming_Card,Miming Card,1000000,2,2137 Miming (MIMING); 2751 Miming Ringleader (C3_MIMING)
M,4339,Mineral_Card,Mineral Card,1000000,2,1614 Mineral (MINERAL); 2750 Solid Mineral (C2_MINERAL)
M,4204,Mini_Demon_Card,Mini Demon Card,1000000,1,1292 Mini Demon (MINI_DEMON)
M,4126,Minorous_Card,Minorous Card,1000000,4,1149 Minorous (MINOROUS); 2747 Furious Minorous (C4_MINOROUS); 2748 Elusive Minorous (C5_MINOROUS); 2749 Swift Minorous (C1_MINOROUS)
M,4393,Shelter_Card,Mistress of Shelter Card,1000000,2,1701 Mistress of Shelter (SHELTER); 2665 Elusive Mistress of Shel (C5_SHELTER)
M,4208,Miyabi_Ningyo_Card,Miyabi Doll Card,1000000,2,1404 Miyabi Doll (MIYABI_NINGYO); 2746 Miyabi Doll Ringleader (C3_MIYABI_NINGYO)
M,4317,Mobster_Card,Mobster Card,1000000,1,1313 Mobster (MOBSTER)
M,4036,Muka_Card,Muka Card,1000000,4,1055 Muka (MUKA); 1854 Muka (E_MUKA); 2741 Muka Ringleader (C3_MUKA); 3400 Muka (MIN_MUKA)
M,4106,Mummy_Card,Mummy Card,1000000,3,1041 Mummy (MUMMY); 2739 Swift Mummy (C1_MUMMY); 2740 Solid Mummy (C2_MUMMY)
M,4090,Munak_Card,Munak Card,1000000,1,1026 Munak (MUNAK)
M,4420,Muscipular_Card,Muscipular Card,1000000,2,1780 Muscipular (MUSCIPULAR); 2738 Elusive Muscipular (C5_MUSCIPULAR)
M,300235,ILL_Ant_egg_Card,Mushy Ant Egg Card,1000000,1,21391 Mushy Ant Egg (ILL_ANT_EGG)
M,27325,Muspellskoll_Card,Muspellskoll Card,1000000,1,3092 Muspellskoll (MM_MUSPELLSKOLL)
M,27313,Mt_Dolor_Card,Mutant Dolor Card,1000000,1,20362 Mutant Dolor (EP17_1_DOLOR2)
M,4203,Mutant_Dragon_Card,Mutant Dragonoid Card,1000000,1,1262 Mutant Dragonoid (MUTANT_DRAGON)
M,27311,Mutant_Plaga_Card,Mutant Plaga Card,1000000,1,20360 Mutant Plaga (EP17_1_PLAGA2)
M,27317,Mt_Caput_Card,Mutant Twin Caput Card,1000000,1,20366 Mutant Twin Caput (EP17_1_TWIN_CAPUT2)
M,27315,Mt_Venenum_Card,Mutant Venenum Card,1000000,1,20364 Mutant Venenum (EP17_1_VENENUM2)
M,4108,Myst_Card,Myst Card,1000000,1,1151 Myst (MYST)
M,4206,Mystcase_Card,Myst Case Card,1000000,2,1249 Myst Case (MYSTCASE); 2737 Furious Myst Case (C4_MYSTCASE)
M,4207,Mysteltainn_Card,Mysteltainn Card,1000000,1,1203 Mysteltainn (MYSTELTAINN)
N,4469,Naga_Card,Naga Card,1000000,1,1993 Naga (NAGA)
N,300260,Napeo_Card,Napeo Card,1000000,1,20922 Napeo (CHIMERA_NAPEO)
N,4440,Necromancer_Card,Necromancer Card,1000000,2,1870 Necromancer (NECROMANCER); 2736 Necromancer Ringleader (C3_NECROMANCER)
N,300004,Neo_Mineral_Card,Neo Mineral Card,1000000,4,20594 Green Mineral (MINERAL_G); 20595 Red Mineral (MINERAL_R); 20596 White Mineral (MINERAL_W); 20597 Purple Mineral (MINERAL_P)
N,4628,Neo_Punk_Card,Neo Punk Card,1000000,1,2919 Neo Punk (NEO_PUNK)
N,4470,Nepenthes_Card,Nepenthes Card,1000000,2,1988 Nepenthes (NEPENTHES); 2735 Solid Nephentes (C2_NEPENTHES)
N,4167,Neraid_Card,Nereid Card,1000000,1,1255 Nereid (NERAID)
N,4657,Grave_A_Mummy_Card,Nightmare Ancient Mummy Card,1000000,1,2360 Ancient Mummy (Nightmare (N_ANCIENT_MUMMY)
N,4653,Grave_Arclouse_Card,Nightmare Arclouse Card,1000000,1,2358 Arclouze (Nightmare) (N_ARCLOUSE)
N,4127,Nightmare_Card,Nightmare Card,1000000,3,1061 Nightmare (NIGHTMARE); 3660 Nightmare (MD_NIGHTMARE_100); 3661 Nightmare (MD_NIGHTMARE_160)
N,4654,Grave_Mimic_Card,Nightmare Mimic Card,1000000,1,2356 Mimic (Nightmare) (N_MIMIC)
N,4655,Grave_Minorous_Card,Nightmare Minorous Card,1000000,1,2353 Minorous (Nightmare) (N_MINOROUS)
N,4656,Grave_Mummy_Card,Nightmare Mummy Card,1000000,1,2354 Mummy (Nightmare) (N_MUMMY)
N,4166,Nightmare_Terror_Card,Nightmare Terror Card,1000000,2,1379 Nightmare Terror (NIGHTMARE_TERROR); 2732 Furious Nightmare Terror (C4_NIGHTMARE_TERROR)
N,4630,Time_Keeper_Card,Nightmare Timer Keeper Card,1000000,1,2918 Time Keeper (TIME_KEEPER)
N,4658,Grave_Verit_Card,Nightmare Verit Card,1000000,1,2355 Verit (Nightmare) (N_VERIT)
N,4159,Nine_Tail_Card,Nine Tail Card,1000000,1,1180 Nine Tail (NINE_TAIL)
N,4545,Novice_Poring_Card,Novice Poring Card,1000000,2,2398 Little Poring (LITTLE_PORING); 2776 Baby Poring Ringleader (C3_LITTLE_PORING)
N,4334,Noxious_Card,Noxious Card,1000000,2,1620 Noxious (NOXIOUS); 2727 Furious Noxious (C4_NOXIOUS)
O,4093,Obeaune_Card,Obeaune Card,1000000,2,1044 Obeaune (OBEAUNE); 1970 Obeune (E_OBEAUNE)
O,4338,Obsidian_Card,Obsidian Card,1000000,1,1615 Obsidian (OBSIDIAN)
O,4533,Mini_Octopus_Card,Octopus Card,1000000,1,2192 Octopus (MD_OCTOPUS)
O,4396,Tha_Odium_Card,Odium of Thanatos Card,1000000,1,1704 Odium of Thanatos (THA_ODIUM)
O,27260,Odorico_Card,Odoric Card,1000000,1,2560 Odoric (GEFFEN_MAGE_10)
O,4254,Tirfing_Card,Ogretooth Card,1000000,1,1204 Ogretooth (TIRFING)
O,27117,OminousAssulter_Card,Ominous Assaulter Card,1000000,1,3799 Ominous Assulter (ILL_ASSULTER)
O,27118,OminousFreezer_Card,Ominous Freezer Card,1000000,1,3801 Ominous Freezer (ILL_FREEZER)
O,27116,OminousHeater_Card,Ominous Heater Card,1000000,1,3803 Ominous Heater (ILL_HEATER)
O,27115,OminousPermeter_Card,Ominous Permeter Card,1000000,1,3800 Ominous Permeter (ILL_PERMETER)
O,27114,OminousSolider_Card,Ominous Solider Card,1000000,1,3802 Ominous Solider (ILL_SOLIDER)
O,4256,Orc_Archer_Card,Orc Archer Card,1000000,1,1189 Orc Archer (ORC_ARCHER)
O,4375,Orc_Baby_Card_Card,Orc Baby Card,1000000,1,1686 Orc Baby (ORC_BABY)
O,4255,Orc_Lady_Card,Orc Lady Card,1000000,2,1273 Orc Lady (ORC_LADY); 2725 Solid Orc Lady (C2_ORC_LADY)
O,4085,Orc_Skeleton_Card,Orc Skeleton Card,1000000,2,1152 Orc Skeleton (ORC_SKELETON); 2724 Swift Orc Skeleton (C1_ORC_SKELETON)
O,4066,Orc_Warrior_Card,Orc Warrior Card,1000000,3,1023 Orc Warrior (ORK_WARRIOR); 1235 Smoking Orc (SMOKING_ORC); 2722 Furious Orc Warrior (C4_ORK_WARRIOR)
O,4071,Orc_Zombie_Card,Orc Zombie Card,1000000,2,1153 Orc Zombie (ORC_ZOMBIE); 2723 Elusive Orc Zombie (C5_ORC_ZOMBIE)
O,27255,Ordre_Card,Ordre Card,1000000,1,2555 Ordre (GEFFEN_MAGE_5)
O,4238,Owl_Baron_Card,Owl Baron Card,1000000,1,1295 Owl Baron (OWL_BARON)
O,4237,Owl_Duke_Card,Owl Duke Card,1000000,2,1320 Owl Duke (OWL_DUKE); 2721 Owl Duke Ringleader (C3_OWL_DUKE)
O,4632,Owl_Marquees_Card,Owl Marquees Card,1000000,1,2923 Owl Marquis (OWL_MARQUEES)
O,4631,Owl_Viscount_Card,Owl Viscount Card,1000000,1,2921 Owl Viscount (OWL_VISCOUNT)
P,4310,Panzer_Goblin_Card,Panzer Goblin Card,1000000,1,1308 Panzer Goblin (PANZER_GOBLIN)
P,300095,Papila_Cae_Card,Papila Cae Card,1000000,1,20674 Papila Cae (MD_PAPILA_CAE)
P,300091,Papila_Card,Papila Card,1000000,1,20669 Papila (MD_PAPILA)
P,300093,Papila_Ruba_Card,Papila Ruba Card,1000000,1,20671 Papila Ruba (MD_PAPILA_RUBA)
P,4309,Parasite_Card,Parasite Card,1000000,2,1500 Parasite (PARASITE); 2720 Solid Parasite (C2_PARASITE)
P,4512,Parus_Card,Parus Card,1000000,1,2134 Parus (PARUS)
P,4099,Pasana_Card,Pasana Card,1000000,2,1154 Pasana (PASANA); 2719 Swift Pasana (C1_PASANA)
P,27169,Payon_Soldier_Card,Payon Soldier Card,1000000,2,2543 1st Payon Soldier (PAYONSOLDIER); 2544 2nd Payon Soldier (PAYONSOLDIER2)
P,4031,Pecopeco_Card,Peco Peco Card,1000000,3,1019 Peco Peco (PECOPECO); 2718 Elusive Peco Peco (C5_PECOPECO); 3401 Peco Peco (MIN_PECOPECO)
P,4007,Pecopeco_Egg_Card,Peco Peco Egg Card,1000000,2,1047 Peco Peco Egg (PECOPECO_EGG); 1232 Peco Peco Egg (META_PECOPECO_EGG)
P,4314,Penomena_Card,Penomena Card,1000000,3,1216 Penomena (PENOMENA); 2716 Penomena Ringleader (C3_PENOMENA); 2717 Furious Penomena (C4_PENOMENA)
P,4311,Permeter_Card,Permeter Card,1000000,1,1314 Permeter (PERMETER)
P,4315,Pest_Card,Pest Card,1000000,1,1256 Pest (PEST)
P,4594,Petal_Card,Petal Card,1000000,1,2364 Petal (PETAL)
P,300223,EP18_Phantom_Wolf_Card,Phantom Wolf Card,1000000,1,21307 Phantom Wolf (EP18_PHANTOM_WOLF)
P,4077,Phen_Card,Phen Card,1000000,2,1158 Phen (PHEN); 2713 Elusive Phen (C5_PHEN)
P,4329,Phendark_Card,Phendark Card,1000000,1,1202 Phendark (PHENDARK)
P,4461,Pillar_Card,Phylla Card,1000000,1,2021 Phylla (PHYLLA)
P,4008,Picky_Card,Picky Card,1000000,3,1049 Picky (PICKY); 1240 Picky (META_PICKY); 3387 Picky (MIN_PICKY)
P,4011,Picky__Card,Picky Egg Card,1000000,3,1050 Picky (PICKY_); 1241 Picky (META_PICKY_); 2712 Furious Picky (C4_PICKY_)
P,300247,Pierrotzoist_Card,Pierrotzoist Card,1000000,1,20942 Pierrotzoist (PIERROTZOIST)
P,4476,Pinguicula_Card,Pinguicula Card,1000000,2,1995 Pinguicula (PINGUICULA); 2711 Pinguicula Ringleader (C3_PINGUICULA)
P,27121,Piranha_Card,Piranha Card,1000000,2,2070 Piranha (PIRANHA); 2709 Swift Piranha (C1_PIRANHA)
P,4073,Pirate_Skel_Card,Pirate Skeleton Card,1000000,1,1071 Pirate Skeleton (PIRATE_SKEL)
P,4335,Pitman_Card,Pitman Card,1000000,2,1616 Pitman (PITMAN); 2708 Elusive Pitman (C5_PITMAN)
P,27310,Plaga_Card,Plaga Card,1000000,1,20359 Plaga (EP17_1_PLAGA1)
P,300251,Plagarion_Card,Plagarion Card,1000000,1,20931 Plagarion (PLAGARION)
P,4024,Plankton_Card,Plankton Card,1000000,3,1161 Plankton (PLANKTON); 1858 Plankton (E_PLANKTON); 2707 Furious Plankton (C4_PLANKTON)
P,4389,Plasma_Card,Plasma Card,1000000,6,1693 Plasma (PLASMA_Y); 1694 Plasma (PLASMA_R); 1695 Plasma (PLASMA_G); 1696 Plasma (PLASMA_P); 1697 Plasma (PLASMA_B); 2706 Plasma Ringleader (C3_PLASMA_Y)
P,27107,PlayingPere_Card,Playing Pere Card,1000000,2,3069 Ferre (PERE1); 3072 Ferre (PERE4)
P,4048,Poison_Spore_Card,Poison Spore Card,1000000,3,1077 Poison Spore (POISON_SPORE); 1855 Poison Spore (E_POISONSPORE); 2705 Solid Poison Spore (C2_POISON_SPORE)
P,300001,Poisonous_Card,Poisonous Card,1000000,1,20592 Poisonous (POISONOUS)
P,4175,Poison_Toad_Card,Poisonous Toad Card,1000000,2,1402 Poisonous Toad (POISON_TOAD); 2704 Swift Poison Toad (C1_POISON_TOAD)
P,27355,Polluted_Ray_A_Card,Polluted Raydric Archer Card,1000000,1,20368 Contaminated Raydric Ar (RAYDRIC_ARCHER_H)
P,27354,Polluted_Raydric_Card,Polluted Raydric Card,1000000,1,20367 Contaminated Raydric (RAYDRIC_H)
P,27357,Polluted_Sting_Card,Polluted Sting Card,1000000,1,20370 Contaminated Sting (STING_H)
P,27361,Polluted_W_Man_Card,Polluted Wanderer Card,1000000,1,20420 Corrupted Wanderer (WANDER_MAN_H)
P,4514,Pom_Spider_Card,Pom Spider Card,1000000,1,2132 Pom Spider (POM_SPIDER)
P,4033,Poporing_Card,Poporing Card,1000000,6,1031 Poporing (POPORING); 2701 Poporing Ringleader (C3_POPORING); 2702 Furious Poporing (C4_POPORING); 2703 Elusive Poporing (C5_POPORING); 3391 Poporing (MIN_POPORING); 3814 Enriched Poporing (MD_POPORING)
P,4337,Porcellio_Card,Porcellio Card,1000000,2,1619 Porcellio (PORCELLIO); 2700 Solid Porcellio (C2_PORCELLIO)
P,4001,Poring_Card,Poring Card,1000000,7,1002 Poring (PORING); 2696 Poring Ringleader (C3_PORING); 2697 Furious Poring (C4_PORING); 2698 Elusive Poring (C5_PORING); 2699 Swift Poring (C1_PORING); 3384 Poring (MIN_PORING); 3815 Enriched Poring (MD_PORING)
P,4523,Pot_Dofle_Card,Pot Dofle Card,1000000,1,2203 Pot Dofle (POT_DOFLE)
P,300116,Plasma_R_Card,Powerful Spell Card,1000000,1,20693 Powerful Spell (EP17_2_PLASMA_R)
P,27358,Prison_Breaker_Card,Prison Breaker Card,1000000,1,20371 Prison Breaker (RAGGED_ZOMBIE_H)
P,4313,Punk_Card,Punk Card,1000000,1,1199 Punk (PUNK)
P,4003,Pupa_Card,Pupa Card,1000000,2,1008 Pupa (PUPA); 1230 Pupa (META_PUPA)
P,300123,Pitaya_V_Card,Purple Pitaya Card,1000000,2,20652 Violet Pitaya (EP17_2_PITAYA_V); 20663 Violet Pitaya (MD_PITAYA_V)
Q,4294,Quve_Card,Quve Card,1000000,1,1508 Quve (QUVE)
R,4083,Rafflesia_Card,Rafflesia Card,1000000,2,1162 Rafflesia (RAFFLESIA); 2695 Swift Rafflesia (C1_RAFFLESIA)
R,4436,Ragged_Zombie_Card,Ragged Zombie Card,1000000,1,1865 Ragged Zombie (RAGGED_ZOMBIE)
R,4186,Raggler_Card,Raggler Card,1000000,3,1254 Raggler (RAGGLER); 2694 Elusive Raggler (C5_RAGGLER); 3410 Raggler (MIN_RAGGLER)
R,300212,EP18_Rakehand_Card,Rakehand Card,1000000,1,21296 Rakehand (EP18_RAKEHAND)
R,4572,Randel_Card,Randel Card,1000000,1,2221 Randel (RANDEL)
R,4459,Lata_Card,Rata Card,1000000,1,2017 Rata (RATA)
R,4187,Raydric_Archer_Card,Raydric Archer Card,1000000,1,1276 Raydric Archer (RAYDRIC_ARCHER)
R,4133,Daydric_Card,Raydric Card,1000000,3,1163 Raydric (RAYDRIC); 2690 Swift Raydric (C1_RAYDRIC); 2691 Solid Raydric (C2_RAYDRIC)
R,4531,Red_Eruma_Card,Red Eruma Card,1000000,2,2197 Red Eruma (RED_ERUMA); 2689 Elusive Red Eruma (C5_RED_ERUMA)
R,4380,Ferus_Card,Red Ferus Card,1000000,1,1714 Ferus (FERUS)
R,4383,Novus_Card,Red Novus Card,1000000,5,1715 Novus (NOVUS); 2728 Elusive Novus (C5_NOVUS); 2729 Swift Novus (C1_NOVUS); 2730 Solid Novus (C2_NOVUS); 2731 Novus Ringleader (C3_NOVUS)
R,300106,Pitaya_R_Card,Red Pitaya Card,1000000,2,20649 Red Pitaya (EP17_2_PITAYA_R); 20660 Red Pitaya (MD_PITAYA_R)
R,300265,Regen_Scientist_Card,Regenschirm Scientist Card,1000000,1,20543 MD_ED_M_SCIENCE (MD_ED_M_SCIENCE)
R,300113,Plasma_Y_Card,Released Spell Card,1000000,1,20690 Released Spell (EP17_2_PLASMA_Y)
R,4353,Removal_Card,Remover Card,1000000,2,1682 Remover (REMOVAL); 2688 Remover Ringleader (C3_REMOVAL)
R,27015,RepairRobot_T_Card,Repair Robot Turbo Card,1000000,1,3248 Repair Robot Turbo (REPAIR_ROBOT_T)
R,4104,Requiem_Card,Requiem Card,1000000,2,1164 Requiem (REQUIEM); 2687 Solid Requiem (C2_REQUIEM)
R,300081,Assistant_Card,Research Assistant Bot Card,1000000,1,20622 Assistant Bot (MD_ASSISTANT)
R,27083,BitterBonGun_Card,Resentful Bongun Card,1000000,1,3761 Resentful Bongun (ILL_BON_GUN)
R,27085,BitterMunak_Card,Resentful Munak Card,1000000,1,3760 Resentful Munak (ILL_MUNAK)
R,27084,BitterSohee_Card,Resentful Sohee Card,1000000,1,3762 Resentful Sohee (ILL_SOHEE)
R,27086,BitterArcherSk_Card,Resentful Soldier Card,1000000,1,3763 Resentful Soldier (ILL_ARCHER_SKELETON)
R,27171,Cowraiders2_Card,Revolver Buffalo Bandit Card,1000000,1,3737 Buffalo Bandit Duelist (COWRAIDERS2)
R,4460,Ringco_Card,Rhyncho Card,1000000,1,2020 Rhyncho (RHYNCHO)
R,4185,Rideword_Card,Rideword Card,1000000,3,1195 Rideword (RIDEWORD); 2681 Swift Rideword (C1_RIDEWORD); 2682 Solid Rideword (C2_RIDEWORD)
R,27353,Firm_Blazzer_Card,Rigid Blazer Card,1000000,1,20372 Rigid Blazer (BLAZZER_H)
R,27350,Firm_Deleter1_Card,Rigid Earth Deleter Card,1000000,1,20375 Rigid Earth Deleter (DELETER2_H)
R,27349,Firm_Explosion_Card,Rigid Explosion Card,1000000,1,20376 Rigid Explosion (EXPLOSION_H)
R,27347,Firm_Kaho_Card,Rigid Kaho Card,1000000,1,20377 Rigid Kaho (KAHO_H)
R,27348,Firm_Lava_G_Card,Rigid Lava Golem Card,1000000,1,20378 Rigid Lava Golem (LAVA_GOLEM_H)
R,27352,Firm_Nightmare_T_Card,Rigid Nightmare Terror Card,1000000,1,20373 Rigid Nightmare Terror (NIGHTMARE_TERROR_H)
R,27351,Firm_Deleter2_Card,Rigid Sky Deleter Card,1000000,1,20374 Rigid Sky Deleter (DELETER1_H)
R,300105,Roaming_Splbook_Card,Roaming Spellbook Card,1000000,1,20684 Roaming Spellbook (EP17_2_ROAMING_SPLBOOK)
R,4699,Rock_Step_Card,Rock Step Card,1000000,1,3126 Lockstep (ROCK_STEP)
R,4021,Rocker_Card,Rocker Card,1000000,2,1052 Rocker (ROCKER); 2680 Elusive Rocker (C5_ROCKER)
R,4014,Roda_Frog_Card,Roda Frog Card,1000000,3,1012 Roda Frog (RODA_FROG); 2678 Roda Frog Ringleader (C3_RODA_FROG); 2679 Furious Roda Frog (C4_RODA_FROG)
R,4192,Rotar_Zairo_Card,Rotar Zairo Card,1000000,1,1392 Rotar Zairo (ROTAR_ZAIRO)
R,4422,Roween_Card,Roween Card,1000000,2,1782 Roween (ROWEEN); 2677 Solid Roween (C2_ROWEEN)
R,4581,Rudo_Card,Rudo Card,1000000,1,2256 Rudo (RUDO)
R,4194,Rybio_Card,Rybio Card,1000000,1,1201 Rybio (RYBIO)
S,4219,Sageworm_Card,Sage Worm Card,1000000,1,1281 Sage Worm (SAGEWORM)
S,4429,Salamander_Card,Salamander Card,1000000,2,1831 Salamander (SALAMANDER); 2675 Elusive Salamander (C5_SALAMANDER)
S,27308,Sanare_Card,Sanare Card,1000000,1,20357 Heart Hunter Sanare (EP17_1_SANARE1)
S,4101,Sand_Man_Card,Sandman Card,1000000,3,1165 Sandman (SAND_MAN); 2674 Furious Sandman (C4_SAND_MAN); 3409 Sandman (MIN_SAND_MAN)
S,4216,Sasquatch_Card,Sasquatch Card,1000000,1,1243 Sasquatch (SASQUATCH)
S,4017,Savage_Babe_Card,Savage Babe Card,1000000,2,1167 Savage Babe (SAVAGE_BABE); 2671 Swift Savage Babe (C1_SAVAGE_BABE)
S,4078,Savage_Card,Savage Card,1000000,4,1166 Savage (SAVAGE); 1221 Savage (M_SAVAGE); 2672 Solid Savage (C2_SAVAGE); 2673 Savage Ringleader (C3_SAVAGE)
S,4505,Scaraba_Card,Scaraba Card,1000000,7,2083 One-Horned Scaraba (HORN_SCARABA); 2084 Two-Horned Scaraba (HORN_SCARABA2); 2085 Antler Scaraba (ANTLER_SCARABA); 2086 Rake Scaraba (RAKE_SCARABA); 2693 Furious Rake Scaraba (C4_RAKE_SCARABA); 2799 Swift Uni-horn Scaraba (C1_HORN_SCARABA); 2896 Elusive Antler Scaraba (C5_ANTLER_SCARABA)
S,27172,Cowraiders3_Card,Scimitar Buffalo Bandit Card,1000000,1,3738 Bowie Buffalo Bandit (COWRAIDERS3)
S,4068,Scorpion_Card,Scorpion Card,1000000,3,1001 Scorpion (SCORPION); 2670 Elusive Scorpion (C5_SCORPION); 3406 Scorpion (MIN_SCORPION)
S,4660,Basilisk1_Card,Scout Basilisk Card,1000000,1,3502 Scout Basilisk (DR_BASILISK1)
S,27017,Scr_MT_Robots_Card,Scrap Robots Card,1000000,1,3250 Can Robot (SCR_MT_ROBOTS)
S,4326,See_Otter_Card,Sea-Otter Card,1000000,3,1323 Sea Otter (SEE_OTTER); 2668 Sea Otter Ringleader (C3_SEE_OTTER); 3413 Sea Otter (MIN_SEE_OTTER)
S,4312,Fur_Seal_Card,Seal Card,1000000,3,1317 Seal (FUR_SEAL); 2829 Swift Seal (C1_FUR_SEAL); 3415 Seal (MIN_FUR_SEAL)
S,4521,Sedora_Card,Sedora Card,1000000,2,2204 Sedora (SEDORA); 2669 Furious Lamp Rey (C4_SEDORA)
S,4414,Seeker_Card,Seeker Card,1000000,1,1774 Seeker (SEEKER)
S,300098,Aries_H_Card,Senior Aries Card,1000000,1,20678 Senior Aries (MD_ARIES_H)
S,300082,Assistant_H_Card,Senior Assistant Bot Card,1000000,1,20623 Senior Assistant Bot (MD_ASSISTANT_H)
S,300088,B_Scissore_Ng_H_Card,Senior Broken Gardener Card,1000000,1,20632 S. Broken Gardener Beta (MD_BETA_SCISSORE_NG_H)
S,300084,Dry_Rafflesia_H_Card,Senior Dry Rafflesia Card,1000000,1,20625 Senior Dry Rafflesia (MD_DRY_RAFFLESIA_H)
S,300096,Papila_Cae_H_Card,Senior Papila Cae Card,1000000,1,20675 Senior Papila Cae (MD_PAPILA_CAE_H)
S,300092,Papila_H_Card,Senior Papila Card,1000000,1,20670 Senior Papila (MD_PAPILA_H)
S,300094,Papila_Ruba_H_Card,Senior Papila Ruba Card,1000000,1,20672 Senior Papila Ruba (MD_PAPILA_RUBA_H)
S,300086,Alnoldi_Ex_H_Card,Senior Special Alnoldi Card,1000000,1,20627 Senior Special Alnoldi (MD_ALNOLDI_EX_H)
S,300109,EP17_2_Cramp_Card,Sewage Cramp Card,1000000,1,20686 Sewage Cramp (EP17_2_CRAMP)
S,300108,Venenum3_Card,Sewage Venenum Card,1000000,1,20685 Sewage Venenum (EP17_2_VENENUM3)
S,300110,Waterfall_Card,Sewage Waterfall Card,1000000,1,20687 Sewage Waterfall (EP17_2_WATERFALL)
S,4358,Seyren_Card,Seyren Windsor Card,1000000,1,1634 Seyren Windsor (SEYREN)
S,300117,Plasma_R2_Card,Sharp Spell Card,1000000,1,20694 Sharp Spell (EP17_2_PLASMA_R2)
S,4273,Shellfish_Card,Shell Fish Card,1000000,2,1074 Shellfish (SHELLFISH); 2666 Swift Shellfish (C1_SHELLFISH)
S,4230,Shinobi_Card,Shinobi Card,1000000,2,1401 Shinobi (SHINOBI); 2664 Furious Shinobi (C4_SHINOBI)
S,27287,Shining_T_Bear_Card,Shiny Teddy Bear Card,1000000,1,20260 Shining Teddy Bear (ILL_TEDDY_BEAR_S)
S,27170,Cowraiders1_Card,Shotgun Buffalo Bandit Card,1000000,1,3736 Buffalo Bandit Sharpsho (COWRAIDERS1)
S,4117,Side_Winder_Card,Sidewinder Card,1000000,3,1037 Side Winder (SIDE_WINDER); 2662 Solid Side Winder (C2_SIDE_WINDER); 2663 Side Winder Ringleader (C3_SIDE_WINDER)
S,27108,SingingPere_Card,Singing Pere Card,1000000,2,3070 Ferre (PERE2); 3071 Ferre (PERE3)
S,4530,Siorava_Card,Siorava Card,1000000,1,2199 Siorava (SIORAVA)
S,4416,Siroma_Card,Siroma Card,1000000,2,1776 Siroma (SIROMA); 2661 Swift Siroma (C1_SIROMA)
S,4406,Skeggiold_Card,Skeggiold Card,1000000,2,1754 Skeggiold (SKEGGIOLD); 1755 Skeggiold (SKEGGIOLD_)
S,4025,Skeleton_Card,Skeleton Card,1000000,7,1076 Skeleton (SKELETON); 3637 Skeleton (MD_SKELETON_60); 3638 Skeleton (MD_SKELETON_80); 3639 Skeleton (MD_SKELETON_100); 3640 Skeleton (MD_SKELETON_120); 3641 Skeleton (MD_SKELETON_140); 3642 Skeleton (MD_SKELETON_160)
S,4221,Skeleton_General_Card,Skeleton General Card,1000000,3,1290 Skeleton General (SKELETON_GENERAL); 2658 Skeleton General Ringlea (C3_SKELETON_GENERAL); 2659 Furious Skeleton General (C4_SKELETON_GENERAL)
S,4222,Skel_Prisoner_Card,Skeleton Prisoner Card,1000000,1,1196 Skeleton Prisoner (SKEL_PRISONER)
S,4092,Skel_Worker_Card,Skeleton Worker Card,1000000,2,1169 Skeleton Worker (SKEL_WORKER); 2660 Elusive Skeleton Worker (C5_SKEL_WORKER)
S,4404,Skogul_Card,Skogul Card,1000000,2,1752 Skogul (SKOGUL); 2657 Solid Skogul (C2_SKOGUL)
S,4158,Flying_Deleter_Card,Sky Deleter Card,1000000,1,1384 Deleter (DELETER)
S,4120,Petit__Card,Sky Petite Card,1000000,1,1156 Petite (PETIT_)
S,4228,Sleeper_Card,Sleeper Card,1000000,3,1386 Sleeper (SLEEPER); 2655 Elusive Sleeper (C5_SLEEPER); 2656 Swift Sleeper (C1_SLEEPER)
S,4044,Smokie_Card,Smokie Card,1000000,3,1056 Smokie (SMOKIE); 2654 Furious Smokie (C4_SMOKIE); 3392 Smokie (MIN_SMOKIE)
S,4037,Snake_Card,Snake Card,1000000,3,1025 Boa (SNAKE); 2653 Boa Ringleader (C3_SNAKE); 3397 Boa (MIN_SNAKE)
S,4415,Snowier_Card,Snowier Card,1000000,2,1775 Snowier (SNOWIER); 2652 Solid Snowier (C2_SNOWIER)
S,4100,Sohee_Card,Sohee Card,1000000,2,1170 Sohee (SOHEE); 2651 Swift Sohee (C1_SOHEE)
S,4086,Soldier_Skeleton_Card,Soldier Skeleton Card,1000000,3,1028 Soldier Skeleton (SOLDIER_SKELETON); 2648 Soldier Skeleton Ringlea (C3_SOLDIER_SKELETON); 2649 Furious Soldier Skeleton (C4_SOLDIER_SKELETON)
S,4220,Solider_Card,Solider Card,1000000,2,1316 Solider (SOLIDER); 2647 Solid Solider (C2_SOLIDER)
S,27289,Fragment_Of_Soul_Card,Soul Fragment Card,1000000,1,20262 Soul Fragment (ILL_MINERAL)
S,300213,EP18_Spark_Card,Spark Card,1000000,1,21297 Spark (EP18_SPARK)
S,300085,Alnoldi_Ex_Card,Special Alnoldi Card,1000000,1,20626 Special Alnoldi (MD_ALNOLDI_EX)
S,300112,Dolor3_Card,Spell Addicted Dolor Card,1000000,1,20689 Spell Addicted Dolor (EP17_2_DOLOR3)
S,300114,Plaga3_Card,Spell Addicted Plaga Card,1000000,1,20691 Spell Addicted Plaga (EP17_2_PLAGA3)
S,300115,Sanare3_Card,Spell Addicted Sanare Card,1000000,1,20692 Spell Addicted Sanare (EP17_2_SANARE3)
S,4022,Spore_Card,Spore Card,1000000,3,1014 Spore (SPORE); 2646 Swift Spore (C1_SPORE); 3390 Spore (MIN_SPORE)
S,4227,Spring_Rabbit_Card,Spring Rabbit Card,1000000,1,1322 Spring Rabbit (SPRING_RABBIT)
S,4522,Sropho_Card,Sropho Card,1000000,1,2201 Sropho (SROPHO)
S,4039,Stainer_Card,Stainer Card,1000000,2,1174 Stainer (STAINER); 2645 Elusive Stainer (C5_STAINER)
S,4223,Stalactic_Golem_Card,Stalactic Golem Card,1000000,2,1278 Stalactic Golem (STALACTIC_GOLEM); 2644 Furious Stalactic Golem (C4_STALACTIC_GOLEM)
S,6717,MaxHP_Stone,Stamina Stone (Middle),1000000,1,3075 Treasure (WA_TREASURE)
S,4424,Stapo_Card,Stapo Card,1000000,2,1784 Stapo (STAPO); 2643 Stapo Ringleader (C3_STAPO)
S,4042,Steel_Chonchon_Card,Steel Chonchon Card,1000000,2,1042 Steel Chonchon (STEEL_CHONCHON); 2642 Solid Steel Chonchon (C2_STEEL_CHONCHON)
S,4224,Stem_Worm_Card,Stem Worm Card,1000000,2,1215 Stem Worm (STEM_WORM); 2641 Swift Stem Worm (C1_STEM_WORM)
S,4698,Step_Card,Step Card,1000000,1,3125 Step (STEP)
S,4226,Sting_Card,Sting Card,1000000,2,1207 Sting (STING); 2640 Elusive Sting (C5_STING)
S,4225,Stone_Shooter_Card,Stone Shooter Card,1000000,1,1495 Stone Shooter (STONE_SHOOTER)
S,4111,Strouf_Card,Strouf Card,1000000,2,1065 Strouf (STROUF); 1968 Strouf (E_STROUF)
S,4218,Succubus_Card,Succubus Card,1000000,1,1370 Succubus (SUCCUBUS)
S,27101,SweetNightM_Card,Sweet Nightmare Card,1000000,1,3754 Sweet Nightmare (ILL_NIGHTMARE)
S,4666,Sw_Roda_Frog_Card,Sweet Roda Frog Card,1000000,1,3499 Sweet Roda Frog (DR_RODA_FROG)
S,4427,Sword_Guardian_Card,Sword Guardian Card,1000000,1,1829 Sword Guardian (SWORD_GUARDIAN)
S,4089,Sword_Fish_Card,Swordfish Card,1000000,1,1069 Swordfish (SWORD_FISH)
T,4639,Tappy_Card,Taffy Card,1000000,1,3443 Taffy (TAFFY)
T,4304,Tamruan_Card,Tamruan Card,1000000,2,1584 Tamruan (TAMRUAN); 2639 Furious Tamruan (C4_TAMRUAN)
T,4028,Tarou_Card,Tarou Card,1000000,2,1175 Tarou (TAROU); 2638 Tarou Ringleader (C3_TAROU)
T,4442,Tatacho_Card,Tatacho Card,1000000,2,1986 Tatacho (TATACHO); 2637 Solid Tatacho (C2_TATACHO)
T,4340,Teddy_Bear_Card,Teddy Bear Card,1000000,2,1622 Teddy Bear (TEDDY_BEAR); 2636 Swift Teddy Bear (C1_TEDDY_BEAR)
T,4463,Tendrilion_Card,Tendrilrion Card,1000000,1,1991 Tendrillion (TENDRILRION)
T,4282,Tengu_Card,Tengu Card,1000000,1,1405 Tengu (TENGU)
T,4058,Thara_Frog_Card,Thara Frog Card,1000000,2,1034 Thara Frog (THARA_FROG); 2635 Elusive Thara Frog (C5_THARA_FROG)
T,4172,The_Paper_Card,The Paper Card,1000000,1,1375 The Paper (THE_PAPER)
T,4016,Thief_Bug_Card,Thief Bug Card,1000000,4,1051 Thief Bug (THIEF_BUG); 2632 Solid Thief Bug (C2_THIEF_BUG); 2633 Thief Bug Ringleader (C3_THIEF_BUG); 2634 Furious Thief Bug (C4_THIEF_BUG)
T,4012,Thief_Bug_Egg_Card,Thief Bug Egg Card,1000000,1,1048 Thief Bug Egg (THIEF_BUG_EGG)
T,4586,Tikbalang_Card,Tikbalang Card,1000000,1,2313 Tikbalang (TIKBALANG)
T,4306,Toad_Card,Toad Card,1000000,1,1089 Toad (TOAD)
T,27123,Toucan_Card,Toucan Card,1000000,2,2073 Toucan (TOUCAN); 2630 Furious Toucan (C4_TOUCAN)
T,4229,C_Tower_Manager_Card,Tower Keeper Card,1000000,1,1270 Clock Tower Manager (C_TOWER_MANAGER)
T,300002,Toxious_Card,Toxious Card,1000000,1,20593 Toxious (TOXIOUS)
T,4668,Trance_Spore_Card,Trance Spore Card,1000000,1,3501 Trans Spore (DR_SPORE)
T,4573,Trentini_Card,Trentini Card,1000000,1,2227 Trentini (TRENTINI)
T,4308,Tri_Joint_Card,Tri Joint Card,1000000,2,1279 Tri Joint (TRI_JOINT); 3418 Tri Joint (MIN_TRI_JOINT)
T,4696,Real_Alphoccio_Card,True Alphoccio Basil Card,1000000,1,3231 Alphoccio Basil (V_ALPHOCCIO)
T,4687,Real_Shecil_Card,True Cecil Damon Card,1000000,1,3211 Shecil Damon (V_SHECIL)
T,4692,Real_Ceila_Card,True Celia Alde Card,1000000,1,3228 Celia Alde (V_CELIA)
T,4693,Real_Chen_Card,True Chen Liu Card,1000000,1,3229 Chen Liu (V_CHEN)
T,4684,Real_Eremes_Card,True Eremes Guile Card,1000000,1,3208 Eremes Guille (V_EREMES)
T,4691,Real_Flamel_Card,True Flamel Emure Card,1000000,1,3227 Flamel Emule (V_FLAMEL)
T,4694,Real_Gertie_Card,True Gertie Card,1000000,1,3230 Gertie Wie (V_GERTIE)
T,4688,Real_Harword_Card,True Howard Alt-Eisen Card,1000000,1,3212 Harword Alt-Eisen (V_HARWORD)
T,4686,Real_Katrinn_Card,True Kathryne Keyron Card,1000000,1,3210 Kathryne Cheiron (V_KATRINN)
T,4685,Real_Magaleta_Card,True Margaretha Sorin Card,1000000,1,3209 Margaretha Sorin (V_MAGALETA)
T,4690,Real_Randel_Card,True Randel Lawrence Card,1000000,1,3226 Randel Lawrence (V_RANDEL)
T,4689,Real_Seyren_Card,True Seyren Windsor Card,1000000,1,3213 Seyren Windsor (V_SEYREN)
T,4695,Real_Trentini_Card,True Trentini Card,1000000,1,3232 Trentini (V_TRENTINI)
T,27087,WizardOfVeritas_Card,Truthful Wizard Card,1000000,1,3764 Wizard of the Truth (ILL_HIGHWIZARD)
T,300221,EP18_Tumble_Ring_Card,Tumblering Card,1000000,1,21305 Tumblering (EP18_TUMBLE_RING)
T,27316,Caput_Card,Twin Caput Card,1000000,2,20348 A013 - Caput (MD_A013_CAPUT); 20365 Twin Caput (EP17_1_TWIN_CAPUT1)
T,300228,EP18_Demi_Freyja_Card,Twisted God Card,1000000,1,21315 Twisted God Freyja (EP18_MD_DEMI_FREYJA)
U,4336,Ungoliant_Card,Ungoliant Card,1000000,2,1618 Ungoliant (UNGOLIANT); 2629 Ungoliant Ringleader (C3_UNGOLIANT)
U,27159,Uzhas_Card,Uzhas Card,1000000,1,1883 Kikimora (UZHAS)
V,4049,Vadon_Card,Vadon Card,1000000,3,1066 Vadon (VADON); 1971 Vadon (E_VADON); 2628 Solid Vadon (C2_VADON)
V,4183,Vagabond_Wolf_Card,Vagabond Wolf Card,1000000,1,1092 Vagabond Wolf (VAGABOND_WOLF)
V,4411,Vanberk_Card,Vanberk Card,1000000,2,1771 Vanberk (VANBERK); 2627 Swift Vanberk (C1_VANBERK)
V,300257,Vanilaqus_Card,Vanilaqus Card,1000000,1,20927 Vanilaqus (CHIMERA_VANILAQUS)
V,27160,Vavayaga_Card,Vavayaga Card,1000000,2,1882 Baba-Yaga (VAVAYAGA); 2626 Elusive Vavayaga (C5_VAVAYAGA)
V,4369,Venatu_Card,Venatu Card,1000000,6,1675 Venatu (VENATU); 1676 Venatu (VENATU_1); 1677 Venatu (VENATU_2); 1678 Venatu (VENATU_3); 1679 Venatu (VENATU_4); 2625 Furious Venatu (C4_VENATU_1)
V,300253,Venedi_Card,Venedi Card,1000000,1,20933 Venedi (VENEDI)
V,27314,Venenum_Card,Venenum Card,1000000,1,20363 Venenum (EP17_1_VENENUM1)
V,4333,Venomous_Card,Venomous Card,1000000,2,1621 Venomous (VENOMOUS); 2624 Venomous Ringleader (C3_VENOMOUS)
V,4107,Verit_Card,Verit Card,1000000,1,1032 Verit (VERIT)
V,300089,Verporta_Card,Verporta Card,1000000,1,20665 Verporta (MD_VERPORTA)
V,300090,Verporte_H_Card,Verporte Card,1000000,1,20666 Verporte (MD_VERPORTE_H)
V,31017,XM_Cookie_Card,Vicious Cookie Card,1000000,1,2989 Vicious Cookie (XM_COOKIE)
V,4209,Violy_Card,Violy Card,1000000,4,1390 Violy (VIOLY); 2621 Elusive Violy (C5_VIOLY); 2622 Swift Violy (C1_VIOLY); 2623 Solid Violy (C2_VIOLY)
V,4053,Vitata_Card,Vitata Card,1000000,1,1176 Vitata (VITATA)
V,4211,Vocal_Card,Vocal Card,1000000,1,1088 Vocal (VOCAL)
V,300215,EP18_Volcaring_Card,Volcaring Card,1000000,1,21299 Volcaring (EP18_VOLCARING)
W,4588,Wakwak_Card,Wakwak Card,1000000,1,2315 Wakwak (WAKWAK)
W,4210,Wander_Man_Card,Wanderer Card,1000000,2,1208 Wanderer (WANDER_MAN); 2620 Furious Wanderer (C4_WANDER_MAN)
W,4579,Lora_Card,Warrior Lola Card,1000000,1,2250 Warrior Laura (LORA)
W,4332,Waste_Stove_Card,Waste Stove Card,1000000,1,1617 Old Stove (WASTE_STOVE)
W,4638,Watcher_Card,Watcher Card,1000000,1,3444 Watcher (WATCHER)
W,4102,Whisper_Card,Whisper Card,1000000,2,1179 Whisper (WHISPER); 2618 Solid Whisper (C2_WHISPER)
W,300003,Porcellio_W_Card,White Porcellio Card,1000000,1,20602 White Porcellio (PORCELLIO_W)
W,4348,Whikebain_Card,Wickebine Tres Card,1000000,1,1653 Wickebine Tres (WHIKEBAIN)
W,4665,Wild_Honet_Card,Wild Hornet Card,1000000,1,3498 Wild Hornet (DR_HORNET)
W,4532,Wild_Rider_Card,Wild Rider Card,1000000,1,2208 Wild Rider (WILD_RIDER)
W,4257,Wild_Rose_Card,Wild Rose Card,1000000,2,1261 Wild Rose (WILD_ROSE); 2616 Furious Wild Rose (C4_WILD_ROSE)
W,4010,Wilow_Card,Willow Card,1000000,3,1010 Willow (WILOW); 2615 Willow Ringleader (C3_WILOW); 3389 Willow (MIN_WILOW)
W,4264,Wind_Ghost_Card,Wind Ghost Card,1000000,2,1263 Wind Ghost (WIND_GHOST); 2614 Solid Wind Ghost (C2_WIND_GHOST)
W,4029,Wolf_Card,Wolf Card,1000000,3,1013 Wolf (WOLF); 2613 Swift Wolf (C1_WOLF); 3396 Wolf (MIN_WOLF)
W,27157,Wood_Goblin_Card,Wood Goblin Card,1000000,2,1880 Leshij (WOOD_GOBLIN); 2612 Elusive Wood Goblin (C5_WOOD_GOBLIN)
W,4259,Wooden_Golem_Card,Wooden Golem Card,1000000,1,1497 Wooden Golem (WOODEN_GOLEM)
W,4261,Wootan_Fighter_Card,Wootan Fighter Card,1000000,3,1499 Wootan Fighter (WOOTAN_FIGHTER); 2246 Wootan Fighter (Q_WOOTAN_FIGHTER); 2611 Furious Wootan Fighter (C4_WOOTAN_FIGHTER)
W,4260,Wootan_Shooter_Card,Wootan Shooter Card,1000000,1,1498 Wootan Shooter (WOOTAN_SHOOTER)
W,4034,Worm_Tail_Card,Wormtail Card,1000000,3,1024 Wormtail (WORM_TAIL); 2610 Wormtail Ringleader (C3_WORM_TAIL); 3395 Wormtail (MIN_WORM_TAIL)
W,4190,Wraith_Card,Wraith Card,1000000,1,1192 Wraith (WRAITH)
W,4189,Wraith_Dead_Card,Wraith Dead Card,1000000,1,1291 Wraith Dead (WRAITH_DEAD)
Y,4328,Hyegun_Card,Yao Jun Card,1000000,2,1512 Yao Jun (HYEGUN); 2796 Yao Jun Ringleader (C3_HYEGUN)
Y,4382,Novus__Card,Yellow Novus Card,1000000,1,1718 Novus (NOVUS_)
Y,300122,Pitaya_Y_Card,Yellow Pitaya Card,1000000,2,20650 Yellow Pitaya (EP17_2_PITAYA_Y); 20661 Yellow Pitaya (MD_PITAYA_Y)
Y,4051,Yoyo_Card,Yoyo Card,1000000,4,1057 Yoyo (YOYO); 1234 Yoyo (PROVOKE_YOYO); 2608 Swift Yoyo (C1_YOYO); 2609 Solid Yoyo (C2_YOYO)
Z,4474,Jakudam_Card,Zakudam Card,1000000,2,1979 Zakudam (ZAKUDAM); 2607 Elusive Zakudam (C5_ZAKUDAM)
Z,4277,Zherlthsh_Card,Zealotus Card,1000000,1,1200 Zealotus (ZHERLTHSH)
Z,4096,Zenorc_Card,Zenorc Card,1000000,1,1177 Zenorc (ZENORC)
Z,4064,Zerom_Card,Zerom Card,1000000,1,1178 Zerom (ZEROM)
Z,4272,Dancing_Dragon_Card,Zhu Po Long Card,1000000,2,1514 Zhu Po Long (DANCING_DRAGON); 2862 Elusive Zhu Po Long (C5_DANCING_DRAGON)
Z,4281,Zipper_Bear_Card,Zipper Bear Card,1000000,1,1417 Zipper Bear (ZIPPER_BEAR)
Z,4038,Zombie_Card,Zombie Card,1000000,9,1015 Zombie (ZOMBIE); 2012 Tenacious Zombie (E_ZOMBIE); 2606 Furious Zombie (C4_ZOMBIE); 3649 Zombie (MD_ZOMBIE_60); 3650 Zombie (MD_ZOMBIE_80); 3651 Zombie (MD_ZOMBIE_100); 3652 Zombie (MD_ZOMBIE_120); 3653 Zombie (MD_ZOMBIE_140); 3654 Zombie (MD_ZOMBIE_160)
Z,4641,Zombie_Guard_Card,Zombie Guard Card,1000000,1,3452 Zombie Guard (ZOMBIE_GUARD)
Z,4274,Zombie_Master_Card,Zombie Master Card,1000000,2,1298 Zombie Master (ZOMBIE_MASTER); 2605 Zombie Master Ringleader (C3_ZOMBIE_MASTER)
Z,4275,Zombie_Prisoner_Card,Zombie Prisoner Card,1000000,2,1197 Zombie Prisoner (ZOMBIE_PRISONER); 2604 Solid Zombie Prisoner (C2_ZOMBIE_PRISONER)
Z,4435,Zombie_Slaughter_Card,Zombie Slaughter Card,1000000,2,1864 Zombie Slaughter (ZOMBIE_SLAUGHTER); 2603 Swift Zombie Slaughter (C1_ZOMBIE_SLAUGHTER)
